name,city,state,phone,website,source
D&S Quality Beef,Albertville,AL,(256) 659-4417,,assoc:AL
Mason Hills Farm,Mobile,AL,(251) 865-7748,,assoc:AL
Mathews Meat Market,Lineville,AL,(256) 396-5694,,assoc:AL
Perdido River Farms,Atmore,AL,(251) 368-0826,,assoc:AL
5R Custom Meats,Mt Vernon,AR,501-556-5077,5rcustommeats.com,assoc:AR
A-State University Meat Market,Jonesboro,AR,,,assoc:AR
AR Dept of Corrections (USDA Cold Storage),Grady,AR,,,assoc:AR
Arkansas Quality Processing,Dardanelle,AR,479-576-4419,,assoc:AR
B&R Meat Processing,Winslow,AR,479-634-2211,,assoc:AR
Bexar Ridge Meat Processing,Salem,AR,870-458-2164,,assoc:AR
Beyond Bovine Butchers,Paragould,AR,870-560-8266,,assoc:AR
Black's Custom Butchering,Royal,AR,501-760-1001,,assoc:AR
Burch Custom Butchering,Salem,AR,870-895-3467,,assoc:AR
Center Point FFA Meat Lab,Amity,AR,870-356-5292,,assoc:AR
Christie's Processing LLC,Magnolia,AR,870-696-5015,,assoc:AR
Clarksville Taxidermy and Meat Processing,Clarksville,AR,479-647-4082,clarksvilleprocessingandtaxidermy.com,assoc:AR
Cypress Valley Meat Co,Vilonia,AR,501-556-5055,,assoc:MO
Cypress Valley Meat Company,Pottsville,AR,479-968-6330,cypressvalleymeatcompany.com,assoc:AR
Daily Meats,Scranton,AR,479-938-2236,,assoc:AR
Deaton's Slaughterhouse,Caddo Gap,AR,870-356-4980,,assoc:AR
Delight Deer Processing and More,Delight,AR,870-807-4012,,assoc:AR
Ferguson's Packing Company,Atkins,AR,479-641-7604,fergusonspacking.com,assoc:AR
G.E. Hawthorn Meat Company INC.,Hot Springs,AR,501-762-2661,,assoc:AR
Griffith's Custom Butchering,Hot Springs,AR,501-321-4228,,assoc:AR
"Harpo's Das Butcher Haus & Farm, LLC",Green Forest,AR,870-438-6594,dasbutcherhaus.com,assoc:AR
J&D's Custom Meat Processing,Greenwood,AR,479-996-6328,,assoc:AR
JACO Meats LLC,Hope,AR,870-397-4189,jacomeats.com,assoc:AR
Kempf's Meat Processing,Ravenden Springs,AR,870-892-4555,,assoc:MO
Key's Family Butcher Shop,Van Buren,AR,479-474-1645,keysfamilybutchershop.com,assoc:AR
Lou's Deer Barn,Pottsville,AR,479-280-8042,,assoc:MO
Makin' Bacon Meat Processing,Yellville,AR,870-436-7675,makinbaconweaverfarms.com,assoc:AR
Marsolf Meat Processing,Mountain View,AR,870-269-6013,,assoc:AR
Mckiever's Wholesale and Retail Meats,Monticello,AR,870-367-9427,,assoc:AR
Mountain View Custom Butcher,Mountain View,AR,870-269-3063,,assoc:AR
NAPIER Meat Co & Processing,Paragould,AR,870-239-4881,,assoc:AR
Outdoor Creations Custom Processing,Cedarville,AR,479-461-2002,,assoc:AR
Ozark Custom Butchering,West Fork,AR,479-839-3177,,assoc:AR
Prime Country Meats,Horatio,AR,870-784-1792,,assoc:AR
Rice Custom Meat Processing,Rudy,AR,479-474-3012,ricecustommeatprocessing.com,assoc:AR
Ridge Runners Custom Meat,Ozark,AR,479-746-1864,,assoc:AR
Riggan & Sons Custom Slaughtering,Sheridan,AR,870-942-2239,,assoc:AR
Siloam Springs Processing LLC,Siloam Springs,AR,479-549-4115,,assoc:AR
Taylor's Ranch and Custom Meats,Ozark,AR,479-667-2442,taylorsranchandmeats.com,assoc:AR
The Backwoods Butcher,Paragould,AR,870-450-9431,thebackwoodsbutchercustommeatp.com,assoc:AR
Tilton's Processing,Harrison,AR,870-321-0895,,assoc:AR
Tim's Custom Meats,Prescott,AR,870-887-3362,timscustommeats.com,assoc:AR
TNL Meat Processing,Mena,AR,479-243-0112,,assoc:AR
Twin Lakes Packing & Processing Co. Inc.,Gassville,AR,870-435-6651,,assoc:AR
War Eagle Processing,Hindsville,AR,479-789-7525,wareagleprocessing.com,assoc:AR
Watson's Custom Slaughter,Rison,AR,870-325-6922,,assoc:AR
William's Baptist University,Walnut Ridge,AR,870-637-0054,,assoc:AR
Wynne Meat Processing,Wynne,AR,870-208-8352,,assoc:AR
Adam's Meat Shop,Folsom,CA,916-496-3020,adamsmeatshop.com,assoc:CA
Angelo's Meats,Petaluma,CA,707-763-9586,angelossmokehouse.com,assoc:CA
Arroyo Grande Meats,Arroyo Grande,CA,805-489-2693,,assoc:CA
Artisan Butcher,Valley Springs,CA,209-747-7452,marvalfoodstores.org,assoc:CA
Austin Meat Service LLC,Ripon,CA,209-599-4988,austinmeatservice.com,assoc:CA
Ben's Custom Meat Cutting,Atascadero,CA,805-466-2103,benscustommeatcutting.com,assoc:CA
Browns Valley Meat,Napa,CA,707-253-2480,brownsvalleymeat.com,assoc:CA
Browns Valley Meat Co. Inc.,Browns Valley,CA,530-741-2882,tuffstuffjerky.com,assoc:CA
Buckhorn Cafe Inc.,Winters,CA,530-795-4503,,assoc:CA
Bud's Custom Meats,Penngrove,CA,707-795-8402,budscustommeats.com,assoc:CA
Cal Poly San Luis Obispo (Meats Lab),San Luis Obispo,CA,,calpolymeats.com,assoc:CA
Cal State University Chico (Meats Lab),Chico,CA,530-898-6028,,assoc:CA
California Fresh Market,Pismo Beach,CA,805-295-7162,,assoc:CA
Caton & Sons Fine Meats,,CA,530-339-2719,,assoc:CA
Chico Locker & Sausage,Chico,CA,530-343-7370,chicolockersausage.com,assoc:CA
Corona Cattle Inc.,Corona,CA,951-737-5250,,assoc:CA
Corralitos Market,Corralitos,CA,831-722-2633,corralitosmarketsausagecompany.com,assoc:CA
Country Butcher,West Linda,CA,530-742-0284,countrybutcherca.com,assoc:CA
Dave's Meat Service,Modesto,CA,209-527-2861,davesmeatservice.com,assoc:CA
Dittmer's Gourmet Meats & Wurst Haus,Los Altos,CA,650-941-3800,dittmers.com,assoc:CA
El Salchichero,Santa Cruz,CA,831-423-6328,elsalchichero.com,assoc:CA
Eureka Sausage Inc.,North Hollywood,CA,818-752-7880,eurekasausage.com,assoc:CA
Eureka Wholesale Meats,Eureka,CA,707-443-5659,,assoc:CA
Exeter Meats,Exeter,CA,559-592-5880,exeter-meats.com,assoc:CA
Ferndale Meat Co.,Ferndale,CA,707-599-5273,ferndale-meat-co.edan.io,assoc:CA
Five Mary's Custom Meats Co.,Fort Jones,CA,530-593-7429,fivemarysfarm.com,assoc:CA
Freedom Locker,Freedom,CA,831-724-4355,freedommeatlockers.com,assoc:CA
Fresno State (Meats Lab),Fresno,CA,559-278-3921,,assoc:CA
"Geiger's Long Valley Market, Inc.",Laytonville,CA,707-984-6911,,assoc:CA
Gillum Family Farms,Fresno,CA,559-289-2045,,assoc:CA
Giovannoni Meat Co. Inc.,Napa,CA,707-253-2480,brownsvalleymeat.com,assoc:CA
Golden Gate Meat Co,Richmond,CA,415-861-3800,,assoc:CA
Green Frog Meat Company,Shafter,CA,661-809-6472,,assoc:CA
Hottinger Family Meats,Chino,CA,909-628-2568,hottingerfamilymeats.com,assoc:CA
House of Beef,Oakdale,CA,209-847-5991,houseofbeefoakdale.com,assoc:CA
Jerky Time,Chico,CA,408-489-7201,,assoc:CA
JR Meat Company,Porterville,CA,559-781-3792,jrmeatcompany.com,assoc:CA
Keith's Family Food Center,Covelo,CA,707-983-6633,,assoc:CA
Kent's Meats & Groceries,Redding,CA,530-365-4322,kentsmeats.com,assoc:CA
Lemoore Food Locker,Lemoore,CA,559-924-2390,lemoore-food-locker.hub.biz,assoc:CA
Long Ranch Inc.,Ripon,CA,209-823-5515,thelongranch.com,assoc:CA
Marble Mountain Meats,Salinas,CA,831-269-7270,marblemountainmeats.com,assoc:CA
Orland Meat Processing,Orland,CA,530-865-7383,facebook.com/OrlandMeatProcessors,assoc:CA
Panizzera Meat Co,Occidental,CA,707-874-9770,,assoc:CA
"Ralph's Ranches, Inc.",Fall River Mills,CA,530-336-6667,pratherranch.com,assoc:CA
Ramey Meats & Locker Service,Brawley,CA,760-344-4420,rameysmeats.com,assoc:CA
Raven Brand Products (Armona Food Locker),Armona,CA,559-584-3948,ravenjerky.com,assoc:CA
Rawhide Meat,Jamestown,CA,209-984-5814,,assoc:CA
Sanders Meat & Locker,Turlock,CA,209-634-7525,sandersmeatservice.com,assoc:CA
Schaub's Meat & Fish-Poultry,Palo Alto,CA,650-325-6328,,assoc:CA
Scottie's Gourmet Meats,Redding,CA,509-780-2876,,assoc:CA
Sinton & Sons Local Meats & Provisions,Paso Robles,CA,805-801-7317,sintonandsons.com,assoc:CA
Spring Valley Smoked Turkey,Corona,CA,,,assoc:CA
Star Meats,Berkeley,CA,510-652-7712,star-meats.com,assoc:CA
Stater Brothers,Hemet,CA,951-663-9097,,assoc:CA
Swingle Meat Company,Jackson,CA,209-223-0731,swinglemeat.com,assoc:CA
TAM Bien Wholesale Corp,Santa Ana,CA,,tambienmarket.com,assoc:CA
The Wurst Meat Shop,,CA,480-298-8057,,assoc:CA
Tony's Custom Meats,Red Bluff,CA,530-527-2351,,assoc:CA
Tulare Locker,Tulare,CA,559-358-0628,tularemeatlockerandsausage.com,assoc:CA
UC Davis (Meat Lab),Davis,CA,530-752-7410,,assoc:CA
Wagon Wheel Market,Oroville,CA,530-589-1824,wagonwheelmarket.com,assoc:CA
Westside Locker,Tulare,CA,559-686-4676,westsidelockers.com,assoc:CA
Willey's Supermarket,Hayfork,CA,530-628-5646,,assoc:CA
Willowside Meats & Sausage,Santa Rosa,CA,707-546-8404,willowsideinc.com,assoc:CA
"Wolfsen Meat & Sausage, Inc.",Gustine,CA,209-854-6456,wolfsensausage.com,assoc:CA
Wookey Ranch,Chico,CA,530-343-2479,instagram.com/wookeyranch,assoc:CA
Zio Brand Inc.,Salinas,CA,831-277-3125,ziobrand.com,assoc:CA
5-R MOBILE SLAUGHTERING,Loma,CO,,,assoc:CO
A G P,Craig,CO,,,assoc:CO
ACTION TAXIDERMY & GAME PROCESSING,Gypsum,CO,,,assoc:CO
"ANDY'S MEAT MARKET, INC.",Colorado Springs,CO,,,assoc:CO
ARAPAHOE MEAT COMPANY,Lafayette,CO,,,assoc:CO
ASPEN LEAF BIG GAME PROCESSING,Somerset,CO,,,assoc:CO
AT'S MEATBLOCK,Nucla,CO,,,assoc:CO
ATLAS MEAT COMPANY,Fort Collins,CO,,,assoc:CO
Bear Creek Meat Processing LLC,Colorado Springs,CO,,,assoc:CO
Ben Weber,Wiley,CO,,,assoc:CO
Big E Market,Eckert,CO,,,assoc:CO
BOB'S PROCESSING,Trinidad,CO,,,assoc:CO
"Brother's Custom Processing, Inc.",Craig,CO,,,assoc:CO
Cannibal Canyon Custom Meat Processing,Marvel,CO,,,assoc:CO
COLE'S MEAT PROCESSING,PAGOSA SPRINGS,CO,,,assoc:CO
COLORADO HOMESTEAD RANCHES INC.,Delta,CO,,,assoc:CO
Crippen's Processing LLC,Lake George,CO,,,assoc:CO
CUSTOM QUALITY MEAT INC,Craig,CO,,,assoc:CO
D & M Meats,Fruita,CO,,,assoc:CO
"D & T FREEZER MEATS, INC",Loveland,CO,,,assoc:CO
Dan's Processing,Aguilar,CO,,,assoc:CO
DAVE'S CUSTOM CUTTING INC,Kiowa,CO,,,assoc:CO
Deer Trail Custom Cuts,Deer Trail,CO,,,assoc:CO
"Diamond D Processing, LLC",Yellow Jacket,CO,,,assoc:CO
DOLORES GAME PROCESSING,Dolores,CO,,,assoc:CO
"DOUBLE J MEAT PACKING, INC.",Pierce,CO,,,assoc:CO
Eagle Springs Organic LLC,Rifle,CO,,,assoc:CO
"EISELE FARMS, LLC",Longmont,CO,,,assoc:CO
ELEVATION MEAT MARKET LLC,Westcliffe,CO,,,assoc:CO
"ELIZABETH LOCKER PLANT, INC",Elizabeth,CO,,,assoc:CO
ELK RIVER CUSTOM MEATS,Steamboat Springs,CO,,,assoc:CO
F BAR CATERING & PROCESSING,Gunnison,CO,,,assoc:CO
FRANKS MEAT MARKET,Pueblo,CO,,,assoc:CO
GLYNN'S PROCESSING,Alamosa,CO,,,assoc:CO
Good's Processing,Montrose,CO,,,assoc:CO
GROSS LOCKER PLANT & CATTLE CO INC,Silt,CO,,,assoc:CO
"H & H, LLC",Meeker,CO,,,assoc:CO
HAMMER PACKING AND MEAT PROCESSING,Yampa,CO,,,assoc:CO
HAXTUN LOCKER PLANT,Haxtun,CO,,,assoc:CO
HENSCHEL'S MEAT PROCESSING,Kirk,CO,,,assoc:CO
"HENSLEY'S CUSTOM MEAT PROCESSING, LLC",Dove Creek,CO,,,assoc:CO
HI COUNTRY PACKING COMPANY,Durango,CO,,,assoc:CO
"Hilltop Market, LLC",Canon City,CO,,,assoc:CO
HOLY COW PACKING PLANT,Silt,CO,,,assoc:CO
Home Town Food Markets Pagosa Springs LLC,Pagosa Springs,CO,,,assoc:CO
HomeTown Food Markets,Antonito,CO,,,assoc:CO
HOTCHKISS MEATS INC,Hotchkiss,CO,,,assoc:CO
"Hudson Lockers, Inc.",Hudson,CO,,,assoc:CO
Indian Ridge Farm and Bakery,Norwood,CO,,,assoc:CO
JENSEN'S BLUE RIBBON PROCESSING,Fowler,CO,,,assoc:CO
KINIKIN PROCESSING LLC - RETAIL,Montrose,CO,,,assoc:CO
Kremmling Meat Market LLC,Kremmling,CO,,,assoc:CO
Lewis Wild Game Processing,Parker,CO,,,assoc:CO
LIZZY'S MARKET,Paonia,CO,,,assoc:CO
Logan's Processing,Loveland,CO,,,assoc:CO
"LUARK RANCH & OUTFITTERS, LLC",Burns,CO,,,assoc:CO
MEAT CLEAVER,Denver,CO,,,assoc:CO
MEL'S CUSTOM MEAT PROCESSING LLC,Romeo,CO,,,assoc:CO
Mike's Meat Market LLC,Sterling,CO,,,assoc:CO
MORENO SLAUGHTER,Strasburg,CO,,,assoc:CO
MOUNTAIN MEAT PACKING,Fruita,CO,,,assoc:CO
"Mountain Meat Packing, Inc.",Craig,CO,,,assoc:CO
NORTH PARK BIG GAME PROCESSING LLC,Walden,CO,,,assoc:CO
OLD WORLD MEAT,Grand Junction,CO,,,assoc:CO
ORCHARD MESA MARKET,Grand Junction,CO,,,assoc:CO
OTTEMAN'S INC,Flagler,CO,,,assoc:CO
P & M PROCESSING,Manzanola,CO,,,assoc:CO
PDA Big Game Processing,Del Norte,CO,,,assoc:CO
"PURKEY PACKING PLANT, LLC",MEEKER,CO,,,assoc:CO
"Quarter Circle Processing, LLC",Rush,CO,,,assoc:CO
R & C WILD GAME & CUSTOM PROCESSING,Fort Collins,CO,,,assoc:CO
RANCHO CORIMA,Strasburg,CO,,,assoc:CO
RANDY'S CUSTOM PROCESSING,Calhan,CO,,,assoc:CO
RAY'S CUSTOM MEAT PROCESSING,Canon City,CO,,,assoc:CO
RELIABLE BIG GAME PROCESSING,Fort Collins,CO,,,assoc:CO
RICK'S PROCESSING ROYAL GORGE PACKING,Canon City,CO,,,assoc:CO
ROCKY MOUNTAIN GENERAL STORE AND CUSTOM MEATS,Bayfield,CO,,,assoc:CO
ROCKY MOUNTAIN MEATS,Wheat Ridge,CO,,,assoc:CO
Rustic Cuts Inc.,Elizabeth,CO,,,assoc:CO
SANFORD PROCESSING,Sanford,CO,,,assoc:CO
SAUDER'S MEAT PROCESSING,Peyton,CO,,,assoc:CO
SAUSAGE BY GRIZZ,Colorado Springs,CO,,,assoc:CO
SAXX CUSTOM CUTTING,Brighton,CO,,,assoc:CO
"SCANGA MEAT COMPANY, INC",Salida,CO,,,assoc:CO
SCHAFER'S WILD GAME PROCESSING,Kiowa,CO,,,assoc:CO
SIMLA FROZEN FOOD LOCKERS LLC,Simla,CO,,,assoc:CO
STAGECOACH MEAT CO LLC,Wiggins,CO,,,assoc:CO
STAN'S SPECIALTY MEATS,Fort Collins,CO,,,assoc:CO
STEVE'S MEAT MARKET INC,Arvada,CO,,,assoc:CO
Steving Meats Co.,Kersey,CO,,,assoc:CO
SWITZER PROCESSING,Cortez,CO,,,assoc:CO
TED BAKER GAME PROC & CUSTOM CUTTING,Peyton,CO,,,assoc:CO
The Buck Stops Here,Pagosa Springs,CO,,,assoc:CO
The Prime Cut,Colorado Springs,CO,,,assoc:CO
"TY MEAT PROCESSING, LLC",Hudson,CO,,,assoc:CO
"TYMKOVICH MEATS, LLC",Denver,CO,,,assoc:CO
VALLEY MEAT & FOOD LLC,Alamosa,CO,,,assoc:CO
VALLEY PACKING & CATERING INC,La Salle,CO,,,assoc:CO
WILD CUTS LLC,Fort Morgan,CO,,,assoc:CO
WRAY MEAT PACKING,Wray,CO,,,assoc:CO
"Your Choice Meats, LLC",Wiggins,CO,,,assoc:CO
Zettlemoyer Custom Meat,Colorado Springs,CO,,,assoc:CO
Andrychowski E & J Farms,Windham,CT,860-423-4123,,assoc:CT
Baretta Provision,East Berlin,CT,860-828-0802,barettaprovision.com,assoc:CT
Bristol Beef Co.,Bristol,CT,860-589-9969,,assoc:CT
Latella and Sons,Orange,CT,203-932-3619,,assoc:CT
Litchfield Locker,Litchfield,CT,860-567-5448,,assoc:CT
Maurice's Country Meat Market,Canterbury,CT,860-546-9588,,assoc:CT
New England Meat Packing,Stafford Springs,CT,860-684-3505,,assoc:CT
Salem Prime Cuts,Salem,CT,860-859-0741,,assoc:CT
Stocker,Enfield,CT,860-749-4866,,assoc:CT
Tarzia Meat Packing Co.,New Milford,CT,860-354-4569,,assoc:CT
Apalachee Processing Company,Madison,GA,706-818-0747,,assoc:GA
B & M Processing,Chatsworth,GA,706-517-3680,,assoc:GA
Bond Deer Processing,Royston,GA,706-206-9429,,assoc:GA
Bradford Homes and Grounds,Lithonia,GA,770-605-6664,,assoc:GA
Buck & Boar,Midville,GA,478-763-3851,,assoc:GA
C & B Processing,Milledgeville,GA,478-454-2005,,assoc:GA
Capes Sausage Co.,Covington,GA,770-786-6540,,assoc:GA
Custom Deer Processing,Winder,GA,678-758-3926,,assoc:GA
Fender's Smokehouse,Lakeland,GA,229-482-3874,,assoc:GA
Firetower Meat Processing,Crawford,GA,706-746-5876,,assoc:GA
Fort Valley State University,Fort Valley,GA,478-825-6230,,assoc:GA
Georgia Best Processing,Fort Valley,GA,478-825-7664,,assoc:GA
"Georgia Mountain Processing, Inc.",Mt. Airy,GA,706-778-9446,,assoc:GA
Greg's Meat Processing,Comer,GA,706-795-3210,,assoc:GA
"Griffin Meats, Inc.",Blackshear,GA,912-449-5184,,assoc:GA
Grinder's Deer Processing,Cordele,GA,229-938-3477,,assoc:GA
Happy Valley Processing,Dearing,GA,706-595-3777,,assoc:GA
Jeffers Meat Processing Plant,Tallapoosa,GA,770-646-3213,,assoc:GA
Joe's Deer Shop,Tunnel Hill,GA,706-935-5300,,assoc:GA
Jones Country Meats,Climax,GA,229-246-3700,,assoc:GA
K J Livestock,Greensboro,GA,706-347-0557,,assoc:GA
"Kick's Meats, LLC",Nicholls,GA,912-345-0096,,assoc:GA
Knight's Butchering & Processing,Keysville,GA,706-554-3248,,assoc:GA
Lee's Meat Processing,Axson,GA,912-422-3079,,assoc:GA
Lumber City Meat Company,Lumber City,GA,912-363-4323,,assoc:GA
McAfee Packing Company,Wrightsville,GA,478-864-3385,,assoc:GA
McClure's Deer Processing,Blairsville,GA,706-781-7205,,assoc:GA
"McKimbells Clover, LLC",Griffin,GA,404-919-8185,,assoc:GA
"McLemore's Abattoir, Inc",Vidalia,GA,912-537-2080,,assoc:GA
Milltown Sausage Company,Lakeland,GA,229-482-2825,,assoc:GA
Mitchells Processing,LaFayette,GA,706-638-3271,,assoc:GA
Oak Valley Processing & Abattoir,Toccoa,GA,706-886-8556,,assoc:GA
Palmer's Meat Processing,Nicholson,GA,706-757-2227,,assoc:GA
"Peacock Meats, LLC",Cochran,GA,478-934-7518,,assoc:GA
Pete Lee Meats,Alma,GA,912-632-6621,,assoc:GA
Pittman Packing Company,Sharon,GA,706-456-2496,,assoc:GA
"Resaca Meat Processing, LLC",Resaca,GA,706-671-9730,,assoc:GA
S & S Processing,Jenkinsburg,GA,678-873-4945,,assoc:GA
Safety-Rite Food Bank,Tifton,GA,229-382-1242,,assoc:GA
Salem Farm,Covington,GA,404-993-1732,,assoc:GA
Savannah River Farms,Sylvania,GA,912-713-2368,,assoc:GA
"Sheriff's Meat Processing, LLC",Calhoun,GA,706-602-8010,,assoc:GA
Skillet Hollow Processing,Flintstone,GA,706-820-1324,,assoc:GA
Southern Pride Processing,Blairsville,GA,706-400-5508,,assoc:GA
The Butcher Block,Montezuma,GA,478-472-7662,,assoc:GA
The Meat Shed,Eatonton,GA,478-258-0019,,assoc:GA
The Steel Buffalo Butchery,Dawsonville,GA,706-216-2170,,assoc:GA
Thomas Deer Cooler,Bolingbroke,GA,478-994-9894,,assoc:GA
Thompson Farms,Dixie,GA,229-263-9074,,assoc:GA
Towson Cold Storage,Tifton,GA,229-382-1515,,assoc:GA
Twin Oaks Processing,Lula,GA,706-677-2167,,assoc:GA
UGA Animal Science,Athens,GA,706-542-4347,,assoc:GA
"Wainright, W. J. & Son, Inc",Nahunta,GA,912-462-5593,,assoc:GA
Waldrep's Meat Processing,Ellijay,GA,706-636-1711,,assoc:GA
West Georgia Processing,Carrolton,GA,770-832-0045,,assoc:GA
Whiddon Deer Processing,Leary,GA,229-792-9300,,assoc:GA
White Oak Pastures,Bluffton,GA,229-641-2081,,assoc:GA
"Yorks Country Meats, LLC",Barnesville,GA,770-358-1417,,assoc:GA
Zollar Custom Processing,Springfield,GA,912-754-9541,,assoc:GA
'Ohana Cattle Company / Hawaii Meats LLC,,HI,808-682-2595,,assoc:HI
Hawaii Island Meat Cooperative,,HI,808-776-1870,,assoc:HI
Mahi Pono LLC,,HI,808-822-4848,,assoc:HI
Sanchez Slaughterhouse,,HI,808-856-4550,,assoc:HI
Al's Country Meat Locker,Calmar,IA,(563) 380-4015,,assoc:IA
Amana Meat Shop & Smokehouse,Amana,IA,(800) 373-6328,,assoc:IA
Andover Meat Inc.,Andover,IA,(563) 682-7757,,assoc:IA
Anita Meat Processing,,IA,(712) 762-3645,,assoc:IA
Arcadia Meats,Arcadia,IA,(712) 689-2435,,assoc:IA
Atlantic Locker,Atlantic,IA,(712) 243-1941,,assoc:IA
Babcock Locker,Sheldon,IA,(712) 631-4295,,assoc:IA
"Bud's Custom Meats, Inc.",Riverside,IA,(319) 648-3999,,assoc:IA
Clarion Locker,Clarion,IA,(515) 532-2350,,assoc:IA
"Corning Meat Processing Services, Inc",Corning,IA,(641) 322-3614,,assoc:IA
Corwith Locker,Corwith,IA,(515) 583-2205,,assoc:IA
Country Cut Meats,Pulaski,IA,(641) 675-3683,,assoc:IA
Dan's Locker,Earlville,IA,(563) 923-2515,,assoc:IA
Dayton Meat Products,Malcom,IA,(641) 528-3420,,assoc:IA
Deerfield Locker,Alta Vista,IA,(641) 364-2925,,assoc:IA
Durant Locker,Durant,IA,(563) 785-4854,,assoc:IA
Edgewood Locker,Edgewood,IA,(563) 928-6814,,assoc:IA
Elma Locker & Grocery,Elma,IA,(641) 393-2287,,assoc:IA
Fairbank Locker,Fairbank,IA,(319) 635-2595,,assoc:IA
Friedrichsen Meat Company,Sutherland,IA,(712) 446-2102,,assoc:IA
George Locker BPLLC,George,IA,(712) 475-3218,,assoc:IA
Gilbertville Locker,Gilbertville,IA,(319) 296 1464,,assoc:IA
"Graziano Brothers, Inc.",Des Moines,IA,(515) 244-7103,,assoc:IA
Hastings Meat Processing,Bloomfield,IA,(641) 664-2195,,assoc:IA
Hilltop Processing,Seymour,IA,,,assoc:IA
In't Veld's Meat Market/Butcher's Brewhuis,Pella,IA,(641) 628-3440,,assoc:IA
Ireton Locker,Ireton,IA,(712) 278-2060,,assoc:IA
ISU Meat Laboratory,Ames,IA,(515) 294-4355,,assoc:IA
J & J Custom Meats,Whittemore,IA,(515) 884-1014,,assoc:IA
Jet's Meat Processing,Waukon,IA,(563) 568-2403,,assoc:IA
Jordan's Meat Market,Marcus,IA,(712) 376-1040,,assoc:IA
Keota Meat Processing,Keota,IA,(641) 636-2303,,assoc:IA
Kitt's Meat Processing LLC,Dedham,IA,(712) 683-5622,,assoc:IA
"Leighton Processed Meats, Inc.",Leighton,IA,(641) 626-3211,,assoc:IA
Lynch BBQ Company,,IA,,,assoc:IA
Marks Locker,Rowley,IA,(319) 938-2844,,assoc:IA
Martzahn Poultry Processing,Greene,IA,(641) 823-5362,,assoc:IA
Mikes Meats,Knoxville,IA,(641) 218-8349,,assoc:IA
Milo Locker,Milo,IA,641-942-6231,,assoc:MO
Milo Locker Meats,Milo,IA,(641) 942-6231,,assoc:IA
Minden Meat Market,Minden,IA,(712) 483-2836,,assoc:IA
"Mingo Locker, L.L.C.",Mingo,IA,(641) 363-4284,,assoc:IA
Moravia Meat Locker,Moravia,IA,(641) 724-3336,,assoc:IA
"Nelson Locker, LLC",Hartley,IA,(712) 728-2860,,assoc:IA
Nelson's Meat Market,Cedar Rapids,IA,(319) 393-8161,,assoc:IA
Newhall Locker & Processing,Newhall,IA,(319) 223-5202,,assoc:IA
Nimrod Meats,Iowa Falls,IA,(641) 640-0356,,assoc:IA
Ohrt's Smokehouse LLC,Ionia,IA,(641) 394-5062,,assoc:IA
Old Parlor Meat Company,Rock Valley,IA,(712) 470-9519,,assoc:IA
Old Station Craft Meats,Waukee,IA,(515) 452-0150,,assoc:IA
Polashek's Locker Service Inc.,Protivin,IA,(563) 569-8774,,assoc:IA
Remsen Processing Inc.,Remsen,IA,(712) 786-1197,,assoc:IA
Ridgeport Locker,Boone,IA,(515) 432-8973,,assoc:IA
Rockdale Locker LLC,Maquoketa,IA,(563) 659-7675,,assoc:IA
Ruzicka's Meat Processing,Solon,IA,(319) 624-2870,,assoc:IA
S&S Meats and Spirits,Osage,IA,(641) 732-4792,,assoc:IA
Sawyer's Meats of Iowa,Fort Dodge,IA,(515) 576-5331,,assoc:IA
Skoglund Meats,West Bend,IA,(515) 887-4531,,assoc:IA
Stanhope Locker & Market,,IA,(515) 826-3280,,assoc:IA
Steege's Meat Market,Cedar Falls,IA,(319) 277-4577,,assoc:IA
Story City Locker,Story City,IA,(515) 733-6328,,assoc:IA
Sully Locker & Market,Sully,IA,(641) 594-4240,,assoc:IA
TADA Meats,Maquoketa,IA,(563) 249-6471,,assoc:IA
The Blair Meat Market,,IA,(402) 426-3300,,assoc:IA
The Butcher Block,Cascade,IA,(563) 852-7677,,assoc:IA
Tiefenthaler Quality Meats,Holstein,IA,(712) 368-4621,,assoc:IA
Tipton Meat Locker,Tipton,IA,(563) 886-2106,,assoc:IA
Trails End Butchering,Seymour,IA,(641) 898-2288,,assoc:IA
Ulrich Meat Market,Pella,IA,(641) 628-2771,,assoc:IA
Weaver Meats,Afton,IA,(641) 344-4337,,assoc:IA
West Liberty Locker & Processing,West Liberty,IA,(319) 627-4060,,assoc:IA
Winthrop Locker LLC,West Winthrop,IA,(319) 935-3886,,assoc:IA
Yetter Locker,Yetter,IA,(712) 688-2233,,assoc:IA
Zeb's Smokehouse,Bedford,IA,(712) 523-2526,,assoc:IA
Abe's Kosher Meats,Burley,ID,,,assoc:ID
B&D Foods,Boise,ID,,,assoc:ID
Butcher Block Custom Cutting,Gooding,ID,,,assoc:ID
Capitol Kitchen,Caldwell,ID,,,assoc:ID
CS Beef Packers,Kuna,ID,,,assoc:ID
CTI Foods,Wilder,ID,,,assoc:ID
Doug's Wholesale Meats,Shelley,ID,,,assoc:ID
"Fish Processors, Inc.",Hagerman,ID,,,assoc:ID
Gentleman Sausages,Coeur d'Alene,ID,,,assoc:ID
Grand Peaks Prime Meats,Idaho Falls,ID,,,assoc:ID
Greenfield Custom Meat,Meridian,ID,,,assoc:ID
Greenfield Custom Meats,Meridian,ID,,greenfieldcustommeat.com,assoc:MT
Happy Hog Meatery,Moscow,ID,,,assoc:ID
Hoagland Meats,Homedale,ID,,,assoc:ID
Ida Meats,Rupert,ID,,,assoc:ID
Idaho Meat and Seafood,Nampa,ID,,,assoc:ID
Independent Meat Co.,Twin Falls,ID,,,assoc:ID
Intermountain Packaging,Idaho Falls,ID,,,assoc:ID
J-Bar Poultry Processing,New Plymouth,ID,,,assoc:ID
Lazy SB Cattle,King Hill,ID,,,assoc:ID
Lost River Meats,Mackay,ID,,,assoc:ID
Marshall's Meats,Winchester,ID,,,assoc:MT
Meridian Meat and Sausage,Meridian,ID,,,assoc:ID
Meridian Meat Packers,Meridian,ID,,,assoc:ID
Mickelsen Pack,Blackfoot,ID,,,assoc:ID
Mountain View Custom Meats,Coeur D'Alene,ID,,mountainviewcustommeats.com,assoc:MT
Mountain View Packaging,Boise,ID,,,assoc:ID
Northwest Premium Meats,Nampa,ID,,,assoc:ID
Oxford Packing,Downey,ID,,,assoc:ID
Quality Meats,Aberdeen,ID,,,assoc:ID
Rammell Valley Pack,Tetonia,ID,,,assoc:ID
Ridley's Family Markets,Twin Falls,ID,,,assoc:ID
Riverbend Meats,Idaho Falls,ID,,,assoc:ID
Scotty's Country Smokehouse,Idaho Falls,ID,,,assoc:ID
Smith Meat Company,Rigby,ID,,,assoc:ID
Sustainable Meats,Kuna,ID,,,assoc:ID
Targhee Brands,Rexburg,ID,,,assoc:ID
Terroir Butchery & Wine,Boise,ID,,,assoc:ID
Top Notch Jerky,Sugar City,ID,,,assoc:ID
True West Beef LLC,Jerome,ID,,,assoc:ID
University of Idaho Meats Lab,Moscow,ID,,,assoc:ID
Wood's Meat Processing,Sandpoint,ID,,,assoc:ID
440 Custom Meats & Market,,IL,217-452-3072,,assoc:IL
"AJ's Lena Maid Meats, INC",Lena,IL,815-369-4522,,assoc:IL
Allen's Farm Quality Meats,Homer,IL,217-896-2532,,assoc:IL
Alwan & Sons Meat Co.,Peoria,IL,309-688-8711,,assoc:IL
"Anichini Brothers, INC",Chicago,IL,312-644-8004,,assoc:IL
Arrow Farm Meats LLC,Rock City,IL,815-990-6040,,assoc:IL
Atlanta Locker,Atlanta,IL,217-648-2333,,assoc:IL
Bagley Farms Meat Market LLC,Edwardsville,IL,618-535-0103,,assoc:IL
Bartella Farm,,IL,773-656-7223,,assoc:IL
"Battaglia Distributing Co., INC",Chicago,IL,312-738-1111,,assoc:IL
"Behrmann Meat & Processing, INC",,IL,618-248-5151,,assoc:IL
Bittner's Eureka Locker,,IL,309-467-2731,,assoc:IL
"Blair's Slaughtering & Processing, INC",,IL,618-665-3124,,assoc:IL
Bloomington Meats,Bloomington,IL,309-828-9731,,assoc:IL
Bushnell Locker,Bushnell,IL,309-772-2783,,assoc:IL
"Calihan Pork Processors, INC",Peoria,IL,309-674-9175,,assoc:IL
"Corfu Foods, INC",Thomas Drive,IL,630-595-2510,,assoc:IL
Country Village Meats,Sublette,IL,815-849-5532,,assoc:IL
Cribelar Custom Processing,Martinsville,IL,217-251-8501,,assoc:IL
Das Schlacht Haus,,IL,217-543-5178,,assoc:IL
Dave's Meat Market,,IL,630-430-6606,,assoc:IL
"Dekalb County Packing Co., INC",,IL,815-756-1588,,assoc:IL
"Dreymiller and Kray, INC.",,IL,847-683-2271,,assoc:IL
"Dutch Valley Meats, INC",,IL,217-543-3354,,assoc:IL
"Echo Valley Meats, INC",Bartonville,IL,309-697-0083,,assoc:IL
"Ed Kabrick Beef, INC",Plainville,IL,217-656-3263,,assoc:IL
"Eickman's Processing Co., INC",Seward,IL,815-247-8451,,assoc:IL
Farmington Locker Plant,Farmington,IL,309-245-4621,,assoc:IL
FARMSTEAD,,IL,847-346-9513,,assoc:IL
Fred's Meat & Processing,Ashley,IL,618-485-6782,,assoc:IL
Frichtl Processing and Slaughtering,,IL,217-821-6643,,assoc:IL
Fritz Meat and Processing,,IL,618-498-3714,,assoc:IL
"Grantfork Meats, INC",Highland,IL,618-675-2156,,assoc:IL
"Halstead Packing House, INC",,IL,312-421-5147,,assoc:IL
Harbach Meats,Freeport,IL,815-232-7807,,assoc:IL
"Hartrich Meat, INC",Ste. Marie,IL,618-455-3172,,assoc:IL
Headon & Sons Inc.,Creston,IL,815-384-3620,,assoc:IL
Heinkel Packing Co. INC,Decatur,IL,217-428-4401,,assoc:IL
"Henry Kaminski, INC",Chicago,IL,773-254-4121,,assoc:IL
"Hilltop Butcher Shoppe, LLC",Tower Hill,IL,217-823-5709,,assoc:IL
Hofherr Meat Co.,Northfield,IL,847-441-6328,,assoc:IL
Hometown Butcher Shop,,IL,217-609-0226,,assoc:IL
Humphrey's Market,Springfield,IL,217-544-7445,,assoc:IL
"Inboden Meats, LTD",,IL,815-756-5852,,assoc:IL
"J&J Meat Processing, INC",Beecher City,IL,217-994-8114,,assoc:IL
Jiggy Jerky,,IL,480-840-4035,,assoc:IL
Jones Meat & Locker,,IL,217-243-1521,,assoc:IL
Korte Meat Processing,,IL,618-654-3813,,assoc:IL
KUNA Foodservice,Dupo,IL,800-700-4228,,assoc:IL
Leiding's Meats & Catering,,IL,,,assoc:IL
"Magro's Processing, INC",Springfield,IL,217-679-3161,,assoc:IL
Main Street Meat Company,Roscoe,IL,815-623-6328,,assoc:IL
McMahon Meats,Teutopolis,IL,217-813-6054,,assoc:IL
Meat Master Processing,Stockton,IL,815-947-9700,,assoc:IL
Mill Creek Processing,,IL,217-889-3363,,assoc:IL
Miller's Meat Market,Red Bud,IL,618-282-3334,,assoc:IL
Miller's Smokehouse,,IL,217-543-4199,,assoc:IL
Morgan's Meat Market,,IL,217-234-4949,,assoc:IL
Moweaqua Packing Plant,Moweaqua,IL,217-768-4714,,assoc:IL
Old Time Meat and Deli,Champaign,IL,217-355-0000,,assoc:IL
"Park Packing Co., INC",Chicago,IL,773-254-0100,,assoc:IL
Peoria Packing LTD,Chicago,IL,312-738-1800,,assoc:IL
Pike County Custom Meats,,IL,217-285-4446,,assoc:IL
"Pottstown Meat & Deli, INC",,IL,309-689-0601,,assoc:IL
Raber Packing Co.,West Peoria,IL,309-673-0721,,assoc:IL
Ream's Meat Market,Elburn,IL,630-365-6461,,assoc:IL
Reasons Locker Service,West,IL,309-537-3424,,assoc:IL
River Bend Wild Game & Sausage Co.,St. Joseph,IL,217-688-3337,,assoc:IL
Salt & Strings Butchery,North Church Street,IL,618-665-3151,,assoc:IL
Schneider's Quality Meats,,IL,618-939-5252,,assoc:IL
Schubert's Smokehouse,Millstadt,IL,618-476-1133,,assoc:IL
Sheffield Locker,Sheffield,IL,815-303-3036,,assoc:IL
Shirley Farms,,IL,618-987-2020,,assoc:IL
Slagel's Meats,Forrest,IL,815-848-9385,,assoc:IL
Smith's Custom Meats & Deer Processing,Viola,IL,309-596-2728,,assoc:IL
Spectrum Preferred Meats,S Forest Road,IL,815-946-3816,,assoc:IL
Steidinger Foods,Fairbury,IL,815-692-6036,,assoc:IL
"The Butcher Shop, LLC",Sterling,IL,815-632-3931,,assoc:IL
"Trenton Processing Center, INC",,IL,618-224-7383,,assoc:IL
Triple C Meats,East Vienna Street,IL,618-833-5986,,assoc:IL
"Troy Foods, INC",Troy,IL,618-667-6332,,assoc:IL
Turasky Meats,Springfield,IL,217-522-3345,,assoc:IL
Wenneman Meat Co.,St. Libory,IL,618-768-4328,,assoc:IL
Wesley 1895,,IL,815-973-6620,,assoc:IL
WP Meat Company LLC,Enfield,IL,618-963-2813,,assoc:IL
Wurst Kitchen,Aurora,IL,630-898-9242,,assoc:IL
4 Bar M Custom Meats dba Scobee Processing,Greencastle,IN,765-653-7119,,assoc:IN
Abe's Deer Processing,Underwood,IN,812-595-4297,,assoc:IN
Archer's Meats & Catering,Greenwood,IN,317-881-9300,,assoc:IN
Arni's Inc.,Lafayette,IN,765-742-7455,,assoc:IN
"Banter's Fresh Meats, LLC",Noblesville,IN,317-922-1080,,assoc:IN
Baraka Halal LLC,Remington,IN,708-673-5464,,assoc:IN
Beechy's Custom Meats,Shipshewana,IN,260-768-4081,,assoc:IN
Beutler Meats & Catering,Lafayette,IN,765-742-7285,,assoc:IN
Blocher Processing,North Manchester,IN,260-901-1685,,assoc:IN
Brewer Meats,North Vernon,IN,812-873-7494,,assoc:IN
Burlington Meats & Catering Inc.,Burlington,IN,765-566-3360,,assoc:IN
Butcher Bros. LLC,Rushville,IN,765-561-3130,,assoc:IN
CRS OneSource (Farm Boy Meats),Evansville,IN,812-425-5231,,assoc:IN
"Culver Duck Farms, Inc.",Middlebury,IN,574-561-9395,,assoc:IN
Custom Quality Meats,New Haven,IN,260-749-4100,,assoc:IN
D&D Meats,Corunna,IN,260-541-0365,,assoc:IN
"Dewig Bros. Packing Co., Inc",Haubstadt,IN,812-768-6208,,assoc:IN
Didier Meats LLC,Ft. Wayne,IN,260-482-8400,,assoc:IN
E & L Farms & Processing LLC,Grabill,IN,260-409-9868,,assoc:IN
"El Popular Sausage Factory, LLC",Valparaiso,IN,219-677-2064,,assoc:IN
Elston's Community Meats LLC,Cross Plains,IN,812-571-0170,,assoc:IN
Farmland Locker,Farmland,IN,765-468-6031,,assoc:IN
Fender 4 Star Meat Processing,Spencer,IN,812-829-3240,,assoc:IN
"Ferdinand Processing, Inc.",Ferdinand,IN,812-367-2073,,assoc:IN
First Capitol Meats,Corydon,IN,812-738-0175,,assoc:IN
Fisher Packing Co.,Portland,IN,260-726-7355,,assoc:IN
Gettinger Family Custom Meats,Rushville,IN,765-228-9946,,assoc:IN
Hallmark Custom Meats LLC,Wolcottville,IN,260-499-4889,,assoc:IN
Hanford Packing LLC,DeMotte,IN,219-345-3755,,assoc:IN
Harrison County M,Palmyra,IN,812-738-9347,,assoc:IN
Hilltop Custom Meats LLC,Economy,IN,765-886-5430,,assoc:IN
Hobart Meats,Crown Point,IN,219-942-5952,,assoc:IN
Holy Cow Farm Fresh LLC,Monon,IN,219-253-8491,,assoc:IN
Homestyle Butchering,Middlebury,IN,574-525-4602,,assoc:IN
Huber's Greensburg Locker,Greensburg,IN,812-663-7744,,assoc:IN
Integrity Meats,Churubusco,IN,260-693-0777,,assoc:IN
Jason's Meat Market,Winchester,IN,765-584-3940,,assoc:IN
"John's Butcher Shop, Inc.",Nappanee,IN,574-773-4632,,assoc:IN
Kenny Dewig Meats,Owensville,IN,812-724-2333,,assoc:IN
Knightstown Locker,Knightstown,IN,765-345-2410,,assoc:IN
Krider's Meat Processing,Columbia City,IN,260-248-8315,,assoc:IN
L-L Meats,Wolcottville,IN,260-854-2935,,assoc:IN
Ladoga Frozen Foods,Ladoga,IN,765-942-2225,,assoc:IN
Lengacher's Meats,Grabill,IN,260-627-8060,,assoc:IN
Lengerich Meats Inc.,Zanesville,IN,260-638-4123,,assoc:IN
Lighthouse Custom Meats,Bloomfield,IN,812-699-7132,,assoc:IN
M & M Fields Market,Geneva,IN,260-368-9409,,assoc:IN
"Manley Meats, Inc.",Decatur,IN,260-592-7313,,assoc:IN
Martin's Custom Butchering Inc.,Wakarusa,IN,574-862-2982,,assoc:IN
Merkley & Sons Inc.,Jasper,IN,812-482-7020,,assoc:IN
Michiana Meats LLC,Shipshewana,IN,260-768-7520,,assoc:IN
Midwest Kosher,South Bend,IN,574-855-1791,,assoc:IN
Miller's Deer Processing,Goshen,IN,574-312-0066,,assoc:IN
Miller's Smoke House,Middlebury,IN,574-825-2665,,assoc:IN
Monon Meat Packing & Catering,Monon,IN,219-253-6363,,assoc:IN
"Munsee Meats, Inc.",Muncie,IN,765-288-3645,,assoc:IN
Napoleon Locker Plant,Batesville,IN,812-852-4333,,assoc:IN
Newton Processing,Montgomery,IN,812-486-3227,,assoc:IN
O'Mara Foods,Greensburg,IN,,,assoc:IN
Odon Locker Inc.,Odon,IN,812-636-4242,,assoc:IN
Old Fashioned Butcher Shop,Evansville,IN,812-423-2465,,assoc:IN
Old Major LLC,Indianapolis,IN,317-710-2099,,assoc:IN
Oliver's Butcher Shop,Union City,IN,765-964-3920,,assoc:IN
Orange County Processing LLC,Orleans,IN,812-865-2028,,assoc:IN
Owen's Butcher Block,Mooresville,IN,317-494-3095,,assoc:IN
Pig Tail Charcuterie,Indianapolis,IN,317-516-5966,,assoc:IN
Prime Cut 41,Veedersburg,IN,765-636-4014,,assoc:IN
Project Ribeye,Valparaiso,IN,219-309-7979,,assoc:IN
Quality One Meats (Formerly Adair Processing),Pennville,IN,260-731-3221,,assoc:IN
Rice Quality Farm Meats Inc.,Spencer,IN,812-829-4562,,assoc:IN
Rihm Foods,Cambridge City,IN,765-478-3426,,assoc:IN
Royal Center Locker Plant Inc.,Royal Center,IN,574-643-3031,,assoc:IN
Sander Processing,Celestine,IN,812-481-0044,,assoc:IN
The Butcher Block Inc.,Lowell,IN,219-696-9111,,assoc:IN
"This Old Farm, Inc.",Darlington,IN,765-918-2684,,assoc:IN
Wabash Clay Custom Meats Inc.,Clay City,IN,812-939-3113,,assoc:IN
Winchester Custom Meats,Winchester,IN,765-305-0760,,assoc:IN
Wood Farms Premium Meats LLC,Ft. Wayne,IN,260-433-6878,,assoc:IN
WW Locker,Andrews,IN,260-344-3400,,assoc:IN
"Yoder's Meat & Cheese Co., Inc.",Shipshewana,IN,260-768-4715,,assoc:IN
Fanestil Meats,Emporia,KS,620-342-6354,,assoc:MO
Joe's Kansas City BBQ,Olathe,KS,913-764-5637,,assoc:MO
Krehbiels Specialty Meats,McPherson,KS,620-241-0103,,assoc:MO
"Appalachian Ag, LLC",Prestonsburg,KY,(606) 886-6003,,assoc:KY
"Appalachian Meats, LLC",West Liberty,KY,(606) 522-3142,,assoc:KY
"AW Farms, LLC (dba AW Meat House)",Argillite,KY,(606) 923-4034,,assoc:KY
"Bluegrass Lamb Company, LLC",Glendale,KY,(502) 565-8817,,assoc:KY
"Boone's Abattoir, Inc.",Bardstown,KY,(502) 348-3668,,assoc:KY
Boone's Butcher Shop,Bardstown,KY,502-348-3668,,assoc:KY
Broadbent B & B Foods,Kuttawa,KY,270-388-0609,,assoc:KY
"Brooksville Meat Fabrication Center, Inc.",Brooksville,KY,(606) 735-2250,,assoc:KY
Burnett Meats,Melber,KY,(270) 674-5975,,assoc:KY
"Central KY Custom Meats, Inc.",Liberty,KY,(606) 787-4851,,assoc:KY
"Detweiler Meats, LLC",Crofton,KY,(270) 424-6328,,assoc:KY
"Downing Cattle Company, Inc.",Fountain Run,KY,(270) 434-2559,,assoc:KY
"F.B. Purnell Sausage Company, LLC",Simpsonville,KY,(502) 722-5626,,assoc:KY
Farmstead Butcher Block,Central City,KY,270-220-4224,,assoc:KY
"Farmstead Butcher Block, LLC",Central City,KY,(301) 616-8433,,assoc:KY
Foothills Products & Service,Monticello,KY,(606) 340-0760,,assoc:KY
"Glier's Meats, Inc.",Covington,KY,859-291-1800,,assoc:KY
H&M Butchering,Manchester,KY,(606) 598-8332,,assoc:KY
Hampton Premium Meats,Hopkinsville,KY,(270) 847-0634,,assoc:KY
Harmon Brothers Meats,Warsaw,KY,(859) 567-1212,,assoc:KY
Hometown Butcher,Columbia,KY,(270) 384-4024,,assoc:KY
JBS Swift Pork Company,Louisville,KY,(502) 582-0011,,assoc:KY
"JSW Farm Chop Shop, Inc.",Hazel Green,KY,(606) 662-4121,,assoc:KY
Kirby & Poe Slaughterhouse,Alvaton,KY,(270) 843-1709,,assoc:KY
Livingston Meat Processing,Hopkinsville,KY,(270) 269-2333,,assoc:KY
Marksbury Farm Market,Lancaster,KY,(859) 548-2333,,assoc:KY
Moonlight Meat Processing,Williamsburg,KY,606-515-8813,,assoc:KY
Moonlight Meat Processing Inc.,Williamsburg,KY,(606) 515-8813,,assoc:KY
Palmer Farms Meats,Benton,KY,(270) 527-3821,,assoc:KY
"Patterson's Butcher Shop, LLC",Tompkinsville,KY,(270) 590-3448,,assoc:KY
Penn Country Hams,Mannsville,KY,270-465-5065,,assoc:KY
"Riverview Meat Company, LLC",Cynthiana,KY,(859) 234-4121,,assoc:KY
Spencer County Butcher Block,Taylorsville,KY,(502) 354-0168,,assoc:KY
Summit Meat Processing,Science Hill,KY,(606) 423-9369,,assoc:KY
Trackside Butcher Shoppe,Campbellsburg,KY,(502) 532-3015,,assoc:KY
"Two Rivers Fisheries, Inc.",Wickliffe,KY,270-335-5488,,assoc:KY
Uncle Charlie's Meats,Richmond,KY,859-623-1967,,assoc:KY
University of Kentucky Animal Science Meat Lab,Lexington,KY,(859) 257-5854,,assoc:KY
Wise Meat Packing,Campbellsville,KY,(270) 465-8464,,assoc:KY
Bellevue Meat Processing Plant,Haughton,LA,318-949-3794,,assoc:LA
C. Hebert's Slaughterhouse & Market,Abbeville,LA,337-893-5688,,assoc:LA
Coastal Plains Meat Company,Eunice,LA,337-466-7341,,assoc:LA
Elliott's Slaughterhouse,Morse,LA,337-783-5240,,assoc:LA
GLC Processing,Abbeville,LA,337-519-7848,,assoc:LA
Kirk Martin Slaughterhouse,Carencro,LA,337-896-8223,,assoc:LA
Louisiana Tech Meat Lab,Ruston,LA,318-257-4220,,assoc:LA
LSU Slaughterhouse,Baton Rouge,LA,225-578-3439,,assoc:LA
"McCain Farms, Inc.",Calhoun,LA,318-644-2677,,assoc:LA
Normand Meat Plant,Marksville,LA,318-253-7614,,assoc:LA
Parish Meat Processing,Sibley,LA,318-545-5808,,assoc:LA
Roucher's Meat Supply,Plaquemine,LA,225-687-4258,,assoc:LA
Southern University Meat Processing,Baton Rouge,LA,225-771-2103,,assoc:LA
T-Boy's Slaughterhouse Meat Market & Grocery,Ville Platte,LA,337-468-3333,,assoc:LA
Voiron's Abattoir LLC,Greensburg,LA,504-430-0268,,assoc:LA
Adams Farm Slaughterhouse,Athol,MA,978-249-9441,,assoc:MA
E. L. Blood & Son,West Groton,MA,978-448-6669,,assoc:MA
Ed Stearns,Charlton,MA,508-248-7866,,assoc:MA
J. Impaoco,Feeding Hills,MA,413-786-8167,,assoc:MA
"A & W Country Meats, Inc.",Taneytown,MD,(410) 756-2420,,assoc:MD
Amick Farms,Hurlock,MD,(410) 943-3989,,assoc:MD
Aufschnitt Meats LLC,Owings Mills,MD,(443) 990-6007,,assoc:MD
"Binkert's Meat Products, LLC",Baltimore,MD,(410) 687-5959,,assoc:MD
Bowman's Butcher Shop,Aberdeen,MD,(410) 914-5607,bowmansbutchershop.grazecart.com,assoc:MD
Buckhead Meat & Seafood Mid-Atlantic Inc.,Landover,MD,(301) 772-0060,,assoc:MD
Bullocks Country Meats & Farm Market,Westminster,MD,(410) 848-6786,bullockscountrymeats.com,assoc:MD
"C & C Meat Sales, Inc.",Upper Marlboro,MD,(301) 249-8800,,assoc:MD
Caribbean Crescent Inc.,Baltimore,MD,(410) 636-3002,,assoc:MD
"Casi di Pasta, Inc.",Baltimore,MD,(410) 539-5383,,assoc:MD
Dave's Seafood Meat & Poultry,Baltimore,MD,(202) 247-1222,,assoc:MD
Deli Brands of America,Baltimore,MD,(410) 276-2373,,assoc:MD
"Dietz & Watson, Inc.",Baltimore,MD,(410) 664-7400,,assoc:MD
East West LLC,Landover,MD,(202) 547-3101,,assoc:MD
Farm 2 Table Meats LLC (The Butcher Block),Oakland,MD,(301) 334-4140,,assoc:MD
Fresh Creative Cuisine,Baltimore,MD,(410) 294-7978,,assoc:MD
Galvinell Meat Company,Conowingo,MD,(410) 378-3032,galvinell.com,assoc:MD
"Greise Brothers Packing, Inc.",Cumberland,MD,(240) 362-2826,,assoc:MD
Hahn Bros. Inc.,Westminster,MD,(410) 848-4200,,assoc:MD
Halpern's Steak and Seafood,Baltimore,MD,(410) 539-7055,,assoc:MD
"Hamzah Slaughter House, LLC",Williamsport,MD,(301) 223-8651,hamzahslaughterhouse.com,assoc:MD
Hartman Enterprises Inc.,Hyattsville,MD,(301) 458-8788,,assoc:MD
Hearn Kirkwood / Food Unlimited,Jessup,MD,(410) 799-4444,,assoc:MD
Hemp's Inc.,Jefferson,MD,(301) 473-5700,hempsmeat.com,assoc:MD
Hillside Turkey Farm,Thurmont,MD,(301) 271-2728,,assoc:MD
Hoffman's Quality Meats,Hagerstown,MD,(301) 739-2332,hoffmanmeats.com,assoc:MD
Hong Ha Corporation,Hyattsville,MD,(301) 322-1916,,assoc:MD
Horst Meats,Hagerstown,MD,(301) 733-1089,,assoc:MD
"Ihsan Farms, LLC",Princess Anne,MD,(410) 548-1728,,assoc:MD
"Impero Foods & Meats, Inc.",Baltimore,MD,(410) 732-8488,,assoc:MD
"Island Bwoy Cuisine, LLC",Temple Hills,MD,(301) 801-1719,,assoc:MD
"J. W. Treuth & Sons, Inc.",Catonsville,MD,(410) 465-4650,jwtreuth.com,assoc:MD
"JD's House of Bacon, Inc.",Baltimore,MD,(443) 399-3940,,assoc:MD
La Pasta Inc.,Silver Spring,MD,(301) 588-1111,,assoc:MD
Latin Goodness Foods,Rockville,MD,(301) 366-7801,,assoc:MD
"Locust Point Farms, LLC",Elkton,MD,(410) 398-8765,locustpointfarm.eatfromfarms.com,assoc:MD
Manger Packing Corp.,Baltimore,MD,(410) 233-0126,,assoc:MD
"Maryland Kosher Foods, LLC",Baltimore,MD,(773) 454-0912,,assoc:MD
Maryland Packaging LTD,Halethorpe,MD,(410) 540-9700,,assoc:MD
Old Line Custom Meat Company LLC,Baltimore,MD,(410) 962-5530,,assoc:MD
Ostrowski's of Bank St.,Baltimore,MD,(410) 732-1118,,assoc:MD
P & F Meat Market,Landover,MD,(301) 946-4015,,assoc:MD
Protenergy-Bay Valley Foods,Cambridge,MD,(410) 901-8625,,assoc:MD
RC Acquisition LLC (Roma Sausage Company),Baltimore,MD,(410) 627-0786,,assoc:MD
Reliant Fish Co.,Jessup,MD,(410) 799-7555,,assoc:MD
Rocko Meats,Thurmont,MD,(301) 271-7030,,assoc:MD
Saval Foods Corporation,Baltimore,MD,(410) 276-2373,,assoc:MD
"Sea Watch International, Ltd",Easton,MD,(410) 822-7500,,assoc:MD
Shriver Meats,Emmitsburg,MD,(301) 447-2255,,assoc:MD
"Shuff Meat, Inc.",Thurmont,MD,(301) 271-2231,,assoc:MD
Stanley Pearlman Enterprise,Jessup,MD,(410) 799-8626,,assoc:MD
"State Street Poultry & Provisions, LLC",Baltimore,MD,(410) 233-7200,,assoc:MD
Sudlersville Frozen Meat Locker,Sudlersville,MD,(410) 438-310,sudlersvillemeats.com,assoc:MD
"Superior Sausage, LLC",District Heights,MD,(571) 249-6167,,assoc:MD
"Toluca Mexican Style Food Products, LLC",Baltimore,MD,(410) 685-7779,,assoc:MD
Vace Inc.,Gaithersburg,MD,(301) 926-2414,,assoc:MD
"Wagner Meats, LLC",Mount Airy,MD,(301) 829-0500,wagnersmeats.com,assoc:MD
"Working H. Meats, LLC",Friendsville,MD,(304) 789-2225,workinghmeats.com,assoc:MD
A Small Good,Rockport,ME,(413) 207-4745,,assoc:ME
"BAFS, Inc.",Bangor,ME,(207) 942-5227,,assoc:ME
Caldwell Farms,Turner,ME,(207) 754-3871,,assoc:ME
Cluck Ya Poultry,Gardiner,ME,(207) 776-8017,,assoc:ME
Colvard and Company Sausage,Ellsworth,ME,802-578-9016,,assoc:ME
Curtis Custom Meat,Warren,ME,(207) 273-2574,,assoc:ME
E. W. Mailhot Sausage Co.,Lewiston,ME,(207) 786-2454,,assoc:ME
Farmer's Gate Market,Leeds,ME,(207) 933-3300,,assoc:ME
Good to Go Foods,Kittery,ME,(207) 451-9060,,assoc:ME
Hatch's Custom Meat Cutting,Crystal,ME,207-441-4023,,assoc:ME
Herring Brothers Inc.,Guilford,ME,(207) 876-2631,,assoc:ME
"KJPL Restaurants, Inc.",Greene,ME,(207) 946-3354,,assoc:ME
L.P. Bisson and Sons,Topsham,ME,207-725-7215,,assoc:ME
Luce's Maine Grown Meats,North Anson,ME,(207) 635-2041,,assoc:ME
Maple Lane Farms,Charleston,ME,207-285-3591,,assoc:ME
"Modernist Pantry, LLC",Eliot,ME,(207) 200-3817,,assoc:ME
Moosehead Meats,Smyrna,ME,(207) 757-7028,,assoc:ME
Olde Haven Farm,Chelsea,ME,207-620-0917,,assoc:ME
Pineland Farms Natural Meats,New Gloucester,ME,(207) 688-4808,,assoc:ME
Portable Pie Place,Searsport,ME,(207) 548-4070,,assoc:ME
Sanford Butcher Shop,Sanford,ME,(603) 341-1380,,assoc:ME
Shields Meat & Produce Inc.,Kennebunk,ME,(207) 985-3141,,assoc:ME
Short Creek Meats,Kennebunk,ME,(401) 864-9627,,assoc:ME
Smith's Log Smokehouse,Monroe,ME,(207) 525-7735,,assoc:ME
The Sausage Kitchen,Lisbon Falls,ME,(207) 353-5503,,assoc:ME
Theriaults Abattoir Inc,Hamlin,ME,(207) 868-2875,,assoc:ME
Tide Mill Organic Farm,Edmunds Twp.,ME,(207) 733-2551,,assoc:ME
Tyson Foods - Barber Foods,Portland,ME,(207) 541-2800,,assoc:ME
Vaillancourt Inspection Inc.,Van Buren,ME,(207) 868-2113,,assoc:ME
"W. A. Bean & Sons, Inc.",Bangor,ME,(207) 947-0364,,assoc:ME
West Gardiner Beef,West Gardiner,ME,207-724-3378,,assoc:ME
Weston's Meat Cutting,West Gardiner,ME,(207) 724-2027,,assoc:ME
Windham Butcher Shop,Windham,ME,(207) 892-4203,,assoc:ME
Butternut Ridge Meatery & Market,Bronson,MI,517-410-6614,,assoc:MI
2ND AVE SAUSAGE COMPANY,Kasson,MN,(507) 273-0187,,assoc:MN
3 HMONG SAUSAGE,St. Paul,MN,(651) 307-2901,,assoc:MN
AL's BUTCHERS BLEND,Perham,MN,(218) 346-4015,,assoc:MN
Amor Pork,Battle Lake,MN,218-205-4520,https://amorpork.com/,assoc:MN
ANOKA MEAT & SAUSAGE,Anoka,MN,763-421-5580,https://www.anokameats.com/,assoc:MN
B & E MEATS,Crookston,MN,(218) 289-0916,,assoc:MN
B & T Meats,Waubun,MN,218-849-8684,https://www.btmeats.com/home,assoc:MN
BACKUS LOCKER,Backus,MN,(218) 947-4220,,assoc:MN
BEAR COUNTRY MEATS LLC,Kasson,MN,(507) 951-6535,,assoc:MN
BELGRADE MEAT CENTER INC,Belgrade,MN,(320) 254-8287,,assoc:MN
BEMIDJI DOWNTOWN MEATS,Bemidji,MN,(218) 751-5011,,assoc:MN
Bergen Meat Processors,Windom,MN,507-831-4670,https://www.bergenmeats.com/about.html,assoc:MN
BIG STEER MEATS,St Paul,MN,(651) 738-3636,,assoc:MN
Black & Sons Butcher Co. LLC,Winona,MN,507-458-1941,,assoc:WI
BLONDIES BUTCHER SHOP,Wanamingo,MN,(507) 824-2279,,assoc:MN
BLUE EARTH LOCKER,Amboy,MN,(507) 382-1440,,assoc:MN
BORCHERT's MEAT MARKET,Maplewood,MN,(651) 777-9133,,assoc:MN
BUTCHER BLOCK MEATS,Dilworth,MN,701-809-8458,https://www.butcherblockmeatsllc.com/,assoc:MN
CALLAHAN MEATS,Barnesville,MN,701-306-6636,https://callahanmeats.com/,assoc:MN
CANBY MEAT CENTER,Canby,MN,507-223-5292,https://canbymeatcenter.com/,assoc:MN
CARLSON MEAT SHOP,Grove City,MN,(320) 857-2261,,assoc:MN
CENTER CUT MEATS,Rogers,MN,(763) 428-9797,,assoc:MN
CHRIS FOOD CENTER,Sandstone,MN,(320) 245-2229,,assoc:MN
CITY MEAT MARKET,Brownton,MN,(320) 328-4411,,assoc:MN
CLEAN CHICKENS AND CO LLC,Elk River,MN,(218) 308-1752,,assoc:MN
CONGER MEAT MARKET,Conger,MN,(507) 265-3340,,assoc:MN
COUNTRY BUTCHER SHOP,Easton,MN,(507) 525-1851,,assoc:MN
D&T's MEAT MARKET,Pipestone,MN,(507) 825-3914,,assoc:MN
DEHMER's MEATS INC.,St. Michael,MN,(763) 497-2455,,assoc:MN
DENNISON MEAT LOCKER LLC,Dennison,MN,(507) 645-8734,,assoc:MN
DOMBROVSKI MEAT CO,Foley,MN,(320) 968-6275,,assoc:MN
DOUBLE D's CUSTOM PROCESSING,Aitkin,MN,218-928-8150,,assoc:MN
DOVER PROCESSING,Dover,MN,(507) 932-8660,,assoc:MN
ELLSWORTH LOCKER,Ellsworth,MN,(507) 967-2544,,assoc:MN
FRABONI SAUSAGE CO,Hibbing,MN,(218) 208-2699,,assoc:MN
FRENCH LAKE BUTCHER SHOP,South Haven,MN,(320) 286-5345,,assoc:MN
GARFIELD PROCESSING,Garfield,MN,(320) 834-3144,,assoc:MN
GLENCOE PORK CO.,Glencoe,MN,320-300-7975,https://www.glencoeporkco.com/,assoc:MN
GRAND CHAMPION/FOLEY LOCKER,Foley,MN,(320) 968-7267,,assoc:MN
GRAND MEADOW MEATS,Clearwater,MN,(320) 290-1350,,assoc:MN
GREELEY SMOKE HAUS AND MEATS,Braham,MN,(651) 261-8639,,assoc:MN
GREG's MEAT PROCESSING,Hampton,MN,(507) 263-3373,,assoc:MN
HACKENMUELLER MEATS INC,Robbinsdale,MN,(763) 537-4811,,assoc:MN
HOMESTEAD BUTCHERING,Sauk Centre,MN,320-212-4722,,assoc:MN
HUETTLS MEATS,Lake City,MN,(651) 345-3424,,assoc:MN
JENNIGES MEAT PROCESSING,Brooten,MN,(320) 346-2414,,assoc:MN
K&S POULTRY AND MEATS,Kerkhoven,MN,(320) 368-0112,,assoc:MN
KENYON MEATS,Kenyon,MN,(507) 789-5417,,assoc:MN
KLINDER PROCESSING,Carlos,MN,(320) 852-7742,,assoc:MN
KONETZKO's MEAT MARKET,Browerville,MN,320-594-2915,,assoc:MN
KRENIK's MEAT PROCESSING,Montgomery,MN,(507) 364-5154,,assoc:MN
LAKES AREA COOP./PERHAM LOCKER,Perham,MN,(218) 346-6245,,assoc:MN
LAKES PROCESSING,Detroit Lakes,MN,(218) 849-1802,,assoc:MN
LAPORTE GROCERY & MEATS,Laporte,MN,218-224-2202,https://laportegroceryandmeats.com/,assoc:MN
LEE's LOCKER,Lismore,MN,(507) 472-8525,,assoc:MN
LORENTZ MEATS,Cannon Falls,MN,(507) 263-3617,,assoc:MN
LOWRY HILL PROVISIONS,Minneapolis,MN,612-978-4112,https://www.lowryhillprovisions.com/,assoc:MN
MACKENTHUNS FINE FOODS,Waconia,MN,(952) 442-5771,,assoc:MN
MAIN STREET MEATS,Park Rapids,MN,(218) 732-1416,,assoc:MN
MANEA's MEAT COMPANY,Sauk Rapids,MN,(320) 253-8683,,assoc:MN
"McDONALD's MEATS, INC.",Clear Lake,MN,(320) 743-2311,,assoc:MN
"MICHAEL's MEATS, INC.",Thief River Falls,MN,(218) 681-3140,,assoc:MN
MIDWEST FOOD AND MEAT DISTRIBUTOR,Minnetonka,MN,516-398-1553,,assoc:MN
MILLS LOCKER PLANT,New York Mills,MN,(218) 385-2875,,assoc:MN
MILTONA CUSTOM MEATS,Miltona,MN,(218) 943-2681,,assoc:MN
MINNESOTA MEATS & MARKETS,Sauk Centre,MN,320-352-6490,,assoc:MN
MINNEWASKA MEATS,Glenwood,MN,(320) 634-3143,,assoc:MN
MOBILE MEATS,New Prague,MN,507-213-2071,,assoc:MN
"NEIGHBORS MEATS, LLC",New Richland,MN,(507) 465-3888,,assoc:MN
NERSTRAND MEATS & CATERING,Nerstrand,MN,(507) 334-5396,,assoc:MN
NICK's MEATS,Hayward,MN,(507) 373-8966,,assoc:MN
NORTH FORK CUSTOM MEATS LLC,Howard Lake,MN,(320) 543-2285,,assoc:MN
ODENTHAL MEATS INC.,New Prague,MN,(507) 364-8040,,assoc:MN
ODY's COUNTRY MEATS,Spring Valley,MN,(507) 346-2579,,assoc:MN
ORTY's CUSTOM MEATS,Deer River,MN,(218) 246-9922,,assoc:MN
OWEN LOCKER PLANT,Pine Island,MN,(507) 356-8612,,assoc:MN
PAUL & KATHY's GROCERY,Upsala,MN,(320) 573-5050,,assoc:MN
PEP's PORK,Melrose,MN,(320) 987-3368,,assoc:MN
"PETE's MEATS & PROCESSING, INC.",Lewiston,MN,(507) 523-2524,,assoc:MN
PETTY BROTHERS MEAT INC,Annandale,MN,(320) 274-5615,,assoc:MN
PLANTENBERG's MARKET INC.,Richmond,MN,(320) 597-3620,,assoc:MN
RIEDER MEAT MARKET,Delano,MN,(763) 972-2261,,assoc:MN
RIVERSIDE MEATS AND PROCESSING,Culdrum Township,MN,320-547-0046,,assoc:MN
ROELOFS MEATS INC.,Raymond,MN,(320) 967-4276,,assoc:MN
SCHMIDT's MEAT MARKET INC.,Nicollet,MN,(507) 232-3438,,assoc:MN
SCHNEIDER CUSTOM MEATS,Askov,MN,(612) 968-7280,,assoc:MN
SCHRUPPS MEAT & SEAFOOD,Paynesville,MN,(320) 243-3793,,assoc:MN
SCOT KUESTER,Winthrop,MN,(507) 276-8679,,assoc:MN
SOUTH FORTY MEAT MARKET,Lucan,MN,(507) 747-3222,,assoc:MN
ST. JOSEPH MEAT MARKET INC.,St. Joseph,MN,(320) 363-4913,,assoc:MN
STEVE's MEAT MARKET INC.,Ellendale,MN,(507) 684-2331,,assoc:MN
STINSONS' COUNTRY STYLE MEATS,Houston,MN,(507) 896-2111,,assoc:MN
STOKKE's MEATS,Cloquet,MN,(218) 729-7156,,assoc:MN
Sweet Lou's Meats,St. Louis Park,MN,952-807-9700,https://www.sweetlousmeats.com/,assoc:MN
THE BBQ SMOKEHOUSE,Wadena,MN,(218) 632-6666,,assoc:MN
THE BUTCHER BLOCK,Darwin,MN,320-224-8553,,assoc:MN
THE BUTCHERY OF MAPLE LAKE,Maple Lake,MN,(320) 963-6677,,assoc:MN
THIELEN MEATS OF L. F.,Little Falls,MN,(320) 632-2821,,assoc:MN
TIKE's TROPHY SAUSAGE,Cohasset,MN,(218) 259-9202,,assoc:MN
V & M LOCKER & GROCERY,Leota,MN,(507) 443-5372,,assoc:MN
VON HANSON's MEATS,Apple Valley,MN,(952) 431-2807,,assoc:MN
WASECA MORGANS MEAT MARKET,Waseca,MN,(507) 835-1970,,assoc:MN
WICK's MEAT SHOPPE,Kandiyohi,MN,(320) 382-6195,,assoc:MN
2 Creek Butchery,Pierce City,MO,417-236-5099,,assoc:MO
Alewel's Country Meats,Warrensburg,MO,660-747-8261,,assoc:MO
Baumgartner's Boone County Cured Hams,Rocheport,MO,,,assoc:MO
Bavarian Smoke Haus,New Melle,MO,636-828-4189,,assoc:MO
Beaufort Meat Processing,Leslie,MO,573-484-3312,,assoc:MO
Big Bear's Butcher Shop,Freeburg,MO,573-744-5888,,assoc:MO
BJG Cattle,Grandin,MO,573-714-5868,,assoc:MO
Brendle's Butcher Block,Gower,MO,816-424-1258,,assoc:MO
Brewer & Sons Custom Meat,Cadet,MO,636-583-9118,,assoc:MO
Brown Custom Meats,Pattonsburg,MO,660-663-5010,,assoc:MO
Brown's Smokehouse Meats LLC,Elsberry,MO,573-384-5284,,assoc:MO
Burgers Ozark Country Hams,California,MO,573-796-3134,,assoc:MO
Cedar County Meat Market,Stockton,MO,417-391-4129,,assoc:MO
Center Locker,Center,MO,573-267-3343,,assoc:MO
CKM Farms,Mineral Point,MO,573-210-8600,,assoc:MO
Clark's Custom Meat Co.,St. Joseph,MO,816-364-3728,,assoc:MO
Cloud's Meats Inc.,Carthage,MO,417-358-5855,,assoc:MO
Country Meat Shop,Moberly,MO,660-263-4663,,assoc:MO
Cranes Meat Processing,Ashland,MO,573-657-2501,,assoc:MO
Cuttin' Up,Leeton,MO,864-441-2120,,assoc:MO
D & D Quality Deer Processing,House Springs,MO,636-274-4594,,assoc:MO
Davis Meat Processing LLC,Jonesburg,MO,636-488-5227,,assoc:MO
Double C Processing,Webb City,MO,417-673-1717,,assoc:MO
Elderland Meats,Zalma,MO,573-568-2552,,assoc:MO
Essner's Custom Butchering,Scott City,MO,573-264-4203,,assoc:MO
Etzold Packing Co.,Perryville,MO,573-547-6815,,assoc:MO
Farm Country Meats and More,Union,MO,636-583-1145,,assoc:MO
Gibson Packing,Seymour,MO,417-935-4657,,assoc:MO
Golden City Meats,Golden City,MO,417-537-8560,,assoc:MO
Goodman Meat Processing,Goodman,MO,417-364-8115,,assoc:MO
Green Hills Fresh Meats,St Catherine,MO,660-258-5148,,assoc:MO
Gunnett Processing,Greenfield,MO,417-637-6016,,assoc:MO
Halls Custom Processing,Marshfield,MO,417-399-8913,,assoc:MO
Hatfields Smoked Meats,Neosho,MO,417-624-3765,,assoc:MO
Henderson Meats LLC dba Kempf's Custom Butchering,Sedalia,MO,660-826-2898,,assoc:MO
Hermann Wurst Haus,Hermann,MO,573-486-2266,,assoc:MO
Hertzog Meat Co,Butler,MO,660-720-2333,,assoc:MO
Hetherington Meat Processing,Clinton,MO,660-885-4409,,assoc:MO
Highway 39 Meats,Verona,MO,417-678-3902,,assoc:MO
Hilltop Processing,New Boston,MO,660-412-1659,,assoc:MO
Homestead Meat Co,Jackson,MO,636-328-8834,,assoc:MO
Horn Butcher Shop,Fulton,MO,573-642-1035,,assoc:MO
Indian Creek Meats,Popular Bluff,MO,573-776-5245,,assoc:MO
J & J Processing,Pierce City,MO,417-476-5451,,assoc:MO
J-H Cattle Co,Joplin,MO,918-953-9391,,assoc:MO
Jackman's Meat Processing,Warsaw,MO,417-998-6488,,assoc:MO
Jennings Premium Meats,New Franklin,MO,660-848-2229,,assoc:MO
John's Butcher Shoppee,Festus,MO,636-931-7776,,assoc:MO
K & A Meats,Labadie,MO,636-451-6880,,assoc:MO
Kahoka Meat Proc. & Deli,Kahoka,MO,660-727-3433,,assoc:MO
Kenricks Meat & Catering,St. Louis,MO,314-631-2440,,assoc:MO
King's Processing & Catering,Marceline,MO,660-376-2640,,assoc:MO
KP Processing,Harrisburg,MO,573-874-2147,,assoc:MO
Kurzweils Country Meats,Garden City,MO,816-862-8463,,assoc:MO
LaMonte Meat Processing,La Monte,MO,573-465-0985,,assoc:MO
Langhorne Meat & Provisions,Hannibal,MO,920-253-5389,,assoc:MO
Lincoln University Meat Lab,Columbia,MO,,,assoc:MO
Lockwood Packing,Lockwood,MO,417-232-4401,,assoc:MO
Lyon Country Meats,New Haven,MO,573-459-6328,,assoc:MO
Maggie's Meats,Stotts City,MO,417-489-2105,,assoc:MO
Mark's Meat Processing,Versailles,MO,573-378-6517,,assoc:MO
Mary's Valley Meat Processing,Steelville,MO,573-786-MEAT,,assoc:MO
McBee's General Store,Adrian,MO,660-267-3400,,assoc:MO
McCord & Co,California,MO,573-680-2583,,assoc:MO
Meat Meister,Barnett,MO,573-378-2797,,assoc:MO
Missouri Meat Processing,Rutledge,MO,660-342-8534,,assoc:MO
Missouri Specialty Meats,Gallatin,MO,660-663-7101,,assoc:MO
Mizzou Meat Market,Columbia,MO,573-882-0591,,assoc:MO
Nadler's,Wellington,MO,816-240-8124,,assoc:MO
Oak Hill Meats,Cuba,MO,573-241-1221,,assoc:MO
Oldfield Packing LLC,Sparta,MO,417-634-3943,,assoc:MO
Ozark Country Meats & Processing,St James,MO,541-441-3120,,assoc:MO
Ozarks Meat Factory,Fulton,MO,309-202-5662,,assoc:MO
Paradise Locker Meats,Trimble,MO,816-370-6328,,assoc:MO
Parsons Custom Processing,Shelbyville,MO,217-617-8507,,assoc:MO
Poletti Custom Meats,Norwood,MO,417-746-4287,,assoc:MO
Powell Meat Co,Clinton,MO,660-383-9003,,assoc:MO
Powers Farm Meat Market & Processing,Shell Knob,MO,417-858-2061,,assoc:MO
Prairie Winds Processing,Curryville,MO,573-470-2463,,assoc:MO
Premier Meats of Central Missouri,New Franklin,MO,214-683-4469,,assoc:MO
Princeton Custom Meats,Princeton,MO,660-748-4560,,assoc:MO
Pruett's Meat Processing,Fredericktown,MO,573-783-1848,,assoc:MO
Quality Meat Co,Seymour,MO,417-241-3625,,assoc:MO
R & R Processing,Auxvasse,MO,573-386-2273,,assoc:MO
Rich Hill Meat Processing,Rich Hill,MO,417-395-4161,,assoc:MO
Rubles Meat Market,Ironton,MO,573-546-3459,,assoc:MO
Ruth Premium Meats,Queen City,MO,660-342-7074,,assoc:MO
Rutledge Meat Processing,Rutledge,MO,660-883-5358,,assoc:MO
Salisbury Meat Market & Processing LLC,Salisbury,MO,660-388-5816,,assoc:MO
Scimeca's Italian Sausage,Kansas City,MO,816-483-7444,,assoc:MO
Shrock's Country Butchering,Buffalo,MO,417-345-4342,,assoc:MO
Southwest City Processing,Southwest City,MO,417-762-3515,,assoc:MO
Ste Genevieve Meats,Ste Genevieve,MO,573-883-2543,,assoc:MO
Steele's Fine Custom Meats,Jefferson City,MO,573-821-9480,,assoc:MO
Stonie's Sausage Shop,Perryville,MO,573-547-2540,,assoc:MO
Swiss Meat & Sausage Co.,Hermann,MO,573-486-2086,,assoc:MO
T & S Butcher Shop,Paris,MO,660-327-3244,,assoc:MO
The Deep Freeze,Poplar Bluff,MO,573-785-2327,,assoc:MO
Thomas Farm Quality Meats,Ridgeway,MO,660-872-6716,,assoc:MO
Three Brothers Meat Co,Montreal,MO,573-346-5233,,assoc:MO
Timber Ridge Processing,Linn,MO,573-680-8065,,assoc:MO
Tunes Locker,Centralia,MO,573-682-2517,,assoc:MO
US Wellness Meats,Canton,MO,573-767-9040,,assoc:MO
Vernon County Meats,Nevada,MO,417-448-9860,,assoc:MO
VonAllmen Processing,Thayer,MO,417-867-5565,,assoc:MO
Walnut Hill Farms Meat Proc.,Philadelphia,MO,573-439-5945,,assoc:MO
Western Smokehouse Partners,Greentop,MO,660-949-2445,,assoc:MO
White Barn Processing,Monroe City,MO,573-735-1289,,assoc:MO
Williams Brothers Meat,Washington,MO,636-239-2183,,assoc:MO
Williams Meat,Norwood,MO,417-746-1969,,assoc:MO
Woods Smoked Meats,Bowling Green,MO,573-324-2247,,assoc:MO
Woodward Meats,Archie,MO,816-682-0663,,assoc:MO
Worden's Meat Co,Webb City,MO,417-673-4885,,assoc:MO
Yoder's Processing,Ethel,MO,660-486-3221,,assoc:MO
Zimmerman Meat Proc.,Summersville,MO,417-932-5557,,assoc:MO
A Cut Above Processing and Meat Market,Perkinston,MS,,,assoc:MS
Attala Frozen Foods,Kosciusko,MS,,,assoc:MS
Ben's Meat Processing,Greenville,MS,,,assoc:MS
Biloxi Beach Group #1,Morton,MS,,,assoc:MS
Biloxi Beach Group #2,Pelahatchie,MS,,,assoc:MS
"Blue Sky Re, LLC",Richland,MS,,,assoc:MS
Boe Farms,Moselle,MS,,,assoc:MS
Brister's Deer Processing,McComb,MS,,,assoc:MS
Bryant's Meats,Taylorsville,MS,,,assoc:MS
Cooper's Country Meat Packers,Florence,MS,,,assoc:MS
Country Farms Quail,Lucedale,MS,,,assoc:MS
Country Meat Market,Brookhaven,MS,,,assoc:MS
Cutting Edge Meat Company,Leakesville,MS,(601) 394-2390,,assoc:MS
Davis Country Meats,West Point,MS,,,assoc:MS
Davis Meat Company / Rickman's,Corinth,MS,,,assoc:MS
El-Rai Custom Slaughter House,Ruth,MS,,,assoc:MS
Enslin and Son Packing Co,Hattiesburg,MS,,,assoc:MS
Family Meat Processing,Sumrall,MS,,,assoc:MS
Fortenberry Slaughter House,Carriere,MS,,,assoc:MS
Genesis 31 Beef Processing,Ruth,MS,,,assoc:MS
Hemphill Souse,Jackson,MS,,,assoc:MS
"Hines Grocery and Sausage, LLC",Yazoo City,MS,,,assoc:MS
Home Place Pastures,Como,MS,,,assoc:MS
Homestead Farm and Packing,Lucedale,MS,,,assoc:MS
Hot Tamale Heaven,Greenville,MS,,,assoc:MS
Houston Processing,Laurel,MS,,,assoc:MS
John Fortenberry's Meat Plant,Sandy Hook,MS,,,assoc:MS
Julie's Pasture to Plate,Lumberton,MS,,,assoc:MS
"Juniper Creek Farms, LLC",Poplarville,MS,,,assoc:MS
Kased Brothers,Summit,MS,,,assoc:MS
Kim's Processing,Clarksdale,MS,,,assoc:MS
Lil Smokehouse,Hattiesburg,MS,,,assoc:MS
M.T. Halal Meats,Bassfield,MS,,,assoc:MS
Malley's Processing,Pass Christian,MS,,,assoc:MS
Mantachie HS FFA,Mantachie,MS,,,assoc:MS
McAlister's Southern Meat,Hattiesburg,MS,,,assoc:MS
McCain Meat Processing,Sandy Hook,MS,,,assoc:MS
Myers Market and Processing,Newton,MS,,,assoc:MS
Nature's Gourmet,Petal,MS,,,assoc:MS
Parker Processing Plant,Stringer,MS,,,assoc:MS
Pitcock's Meat Processing Inc,Pope,MS,,,assoc:MS
Polk's Meat Products,Magee,MS,,,assoc:MS
Quality Poultry and Seafood,Biloxi,MS,,,assoc:MS
Rabbitman Farms,Sandy Hook,MS,,,assoc:MS
Ray's Quality Meats,Petal,MS,,,assoc:MS
Rudolph's,New Hebron,MS,,,assoc:MS
Running M Meat Company,Richton,MS,,,assoc:MS
Sansing Meat Service,Maben,MS,,,assoc:MS
Smokehouse Meats,Pontotoc,MS,,,assoc:MS
Steep Hollow Custom Slaughter,Perkinston,MS,,,assoc:MS
Stevens' Packing Co,Poplarville,MS,,,assoc:MS
Suitor's Meat Company,Rienzi,MS,,,assoc:MS
Sullivan's Custom Meat,Preston,MS,,,assoc:MS
T and L T Tamales (Tony's),Flora,MS,,,assoc:MS
The Dutch Oven,Clarksdale,MS,,,assoc:MS
"The Meat Hook, LLC",Laurel,MS,,,assoc:MS
Tom King Packaging Company,Summit,MS,,,assoc:MS
Vito's Marketplace,Leland,MS,,,assoc:MS
West End Fresh Salads,Tupelo,MS,,,assoc:MS
Wilson's Meat House,Crystal Springs,MS,,,assoc:MS
Bear Paw Meats LLC,Havre,MT,,,assoc:MT
Beaverhead Meats,Dillon,MT,,beaverheadmeats.com,assoc:MT
Big Sky Butcher,Glendive,MT,,,assoc:MT
Big Sky Processing LLC,Pray,MT,,bigskymeats.shop,assoc:MT
Christiaens Meats,Valier,MT,,,assoc:MT
Chubbys,Huntley,MT,,,assoc:MT
Clark Fork Custom Meats,Plains,MT,,,assoc:MT
Cowboy Meat Company,Forsyth,MT,,,assoc:MT
D&J Meat Processing,Saint Ignatius,MT,,dandjmeatprocessing.com,assoc:MT
Daniels Meats,Bozeman,MT,,danielsgourmetmeats.com,assoc:MT
Diamond D Bar Processing,Geraldine,MT,,,assoc:MT
Double K Ranch,Darby,MT,,doublekranchmt.com,assoc:MT
Farm-To-Market Pork & Beef,Kalispell,MT,,farmtomarketpork.com,assoc:MT
Glacier Processing Cooperative,Kalispell,MT,,glacierprocessing.com,assoc:MT
Grotto Meats LLC,Bozeman,MT,,grottomeats.com,assoc:MT
Happel's Clean Cut Meats,Bozeman,MT,,happelsccm.com,assoc:MT
Hi-line Packing,Malta,MT,,,assoc:MT
Lone Peak Provisions,Bozeman,MT,,lonepeakprovisions.com,assoc:MT
Lower Valley Processing,Kalispell,MT,,lowervalleyprocessing.com,assoc:MT
M&S Meats,Kalispell,MT,,msmeats.com,assoc:MT
Matt's Butcher Shop and Deli,Livingston,MT,,mattsbutchershopndeli.com,assoc:MT
Montana Premium Processing Co-op,Havre,MT,,mtpremiumprocessing.com,assoc:MT
Pay & Save Meat & Grocery Shop,Saco,MT,,,assoc:MT
Pioneer Meats,Big Timber,MT,,pioneermeatsmt.com,assoc:MT
Producer Partnership Inc.,Livingston,MT,,producerpartnership.com,assoc:MT
Ranch House Sausage Company,Billings,MT,,ranchhousemeat.com,assoc:MT
Rawhide Meats,White Sulphur Springs,MT,,rawhidemeats.net,assoc:MT
Ryan Grocery & Processing Inc.,Jordan,MT,,ranchhousemeatco.biz,assoc:MT
S Ranch,Custer,MT,,sranchmeats.com,assoc:MT
School House Meats,,MT,,,assoc:MT
Stillwater Packing Co.,Columbus,MT,,emmettsmontanameats.com,assoc:MT
Superior Meats,Superior,MT,,superiorjerkymt.com,assoc:MT
Tizer Meats,Helena,MT,,tizermeats.com,assoc:MT
Treasure Trail Processing,Glasgow,MT,,,assoc:MT
Ziggy's Prime Cuts,Glasgow,MT,,,assoc:MT
Bass Farm Sausage Company,Spring Hope,NC,252-478-4147,bassfarmsausage.com,assoc:NC
Carlie C. McLamb Meats,Dunn,NC,910-892-7279,carliecs.com,assoc:NC
"Carolina Packers, Inc.",Smithfield,NC,919-934-2181,carolinapackers.com,assoc:NC
"Chandler Foods, Inc.",Greensboro,NC,336-299-1934,chandlerfoodsinc.com,assoc:NC
Chaudhry Halal Meats,Siler City,NC,919-742-9292,chaudhrymeats.com,assoc:NC
Frank Corriher Beef & Sausage,Landis,NC,704-857-5519,facebook.com/frankcorriherbeef,assoc:NC
Hunter's Liver Mush Company,Marion,NC,828-652-7902,,assoc:NC
Hursey BBQ,Elon,NC,336-584-1377,hurseysbarbq.com,assoc:NC
"Larry's Sausage Company, Inc.",Fayetteville,NC,910-483-5148,larryssausage.com,assoc:NC
"Lewis Sausage Company, Inc.",Burgaw,NC,910-259-2642,lewissausage.com,assoc:NC
"Martin's Pork Products, Inc.",Falcon,NC,910-980-1501,martinspork.com,assoc:NC
Mays Meats,Taylorsville,NC,828-632-2034,maysmeats.net,assoc:NC
Mitchell's Meat Processing,Walnut Cove,NC,336-591-7420,mitchellsmeatnc.com,assoc:NC
Morty Pride Meats,Fayetteville,NC,910-483-6004,mortypride.com,assoc:NC
Nahunta Pork Center,Pikeville,NC,919-242-4735,nahuntapork.com,assoc:NC
Neese Country Sausage,Greensboro,NC,336-275-9548,neesesausage.com,assoc:NC
Pender Packing Company,Rocky Point,NC,910-675-3311,penderpacking.com,assoc:NC
Randolph Packing Company,Asheboro,NC,336-672-1470,randolphpacking.com,assoc:NC
"Stevens Sausage Company, Inc.",Smithfield,NC,919-934-3159,stevens-sausage.com,assoc:NC
"Villari Food Group, LLC",Warsaw,NC,910-293-2157,villarifood.com,assoc:NC
Watauga Butchery,Villas,NC,828-484-6328,wataugabutchery.com,assoc:NC
"Wells, Jenkins, Wells",Forest City,NC,828-245-5544,facebook.com/WellsJenkinsWells,assoc:NC
1481 Meats Inc,Upham,ND,,,assoc:ND
38 Meats,Hope,ND,,,assoc:ND
3Be Meats LLC,Bismarck,ND,,,assoc:ND
"6 In 1 Meats, LLC",New Salem,ND,,,assoc:ND
701 Foods Dba Flatlander Foods,Devils Lake,ND,,,assoc:ND
701 Meats,Belfield,ND,,,assoc:ND
Al Noor Market,Fargo,ND,,,assoc:ND
Alsager Meats,Fargo,ND,,,assoc:ND
Ameristar Meats Inc,Fargo,ND,,,assoc:ND
Ashley Super Valu,Ashley,ND,,,assoc:ND
Bakken Area Skills Center,Watford City,ND,,,assoc:ND
Beulah High School,Beulah,ND,,,assoc:ND
Blue Goose Smokehouse,Rolla,ND,,,assoc:ND
Bosch's Meat Market,Linton,ND,,,assoc:ND
Bowdon Meat Processing,Bowdon,ND,,,assoc:ND
Brenno Meats,Sheyenne,ND,,,assoc:ND
"Brickhouse Frozen Products, LLC",Jamestown,ND,,,assoc:ND
Bridgemart Meats,Wyndmere,ND,,,assoc:ND
Bronson's Marketplace,Beulah,ND,,,assoc:ND
Butcher Block Meats,Mandan,ND,,,assoc:ND
"Butcher's Edge, LLC",Edgeley,ND,,,assoc:ND
Carrington High School,Carrington,ND,,,assoc:ND
Casselton Cold Storage,Casselton,ND,,,assoc:ND
Charlie's Country Sausage,Minot,ND,,,assoc:ND
Cloverdale Foods Co.,Mandan,ND,,,assoc:ND
Custom Kut Meat Inc.,Carrington,ND,,,assoc:ND
Dickinson State University Meats Lab,Dickinson,ND,,,assoc:ND
"Double R Meats, Inc.",Carson,ND,,,assoc:ND
Dw Meats & Sausage,Bismarck,ND,,,assoc:ND
Fairmount Lockers,Fairmount,ND,,,assoc:ND
Fairview Colony,Lamoure,ND,,,assoc:ND
Fargo Packing & Sausage Co.,West Fargo,ND,,,assoc:ND
Forest River Community,Fordville,ND,,,assoc:ND
Green Valley Foods,Devils Lake,ND,,,assoc:ND
Hazen High School,Hazen,ND,,,assoc:ND
Jesse Duckwitz,Belfield,ND,,,assoc:ND
Jim's Super Valu Inc.,Park River,ND,,,assoc:ND
Jimbonitas LLC,Hatton,ND,,,assoc:ND
John's Meat Market,Bismarck,ND,,,assoc:ND
Jp's Processing,Minot,ND,,,assoc:ND
"K & E Meats, Llp",Cando,ND,,,assoc:ND
Killdeer High School,Killdeer,ND,,,assoc:ND
Kramlich - Deede Meats LLC,Medina,ND,,,assoc:ND
L & M Meat And Sausage Corp,Grand Forks,ND,,,assoc:ND
Lakeside Meats,Devils Lake,ND,,,assoc:ND
"Lamoure Lockers, Inc.",Lamoure,ND,,,assoc:ND
Langdon Lockers,Langdon,ND,,,assoc:ND
"Legendary Meats, LLC",Center,ND,,,assoc:ND
Lindsey Grocery,Crosby,ND,,,assoc:ND
"Lucy Starz, LLC",Amenia,ND,,,assoc:ND
M & L Concessions,Beulah,ND,,,assoc:ND
M & W Beef Packers,Mandan,ND,,,assoc:ND
Mack Processing,Rugby,ND,,,assoc:ND
Manock Meats,Great Bend,ND,,,assoc:ND
Maple Valley Lockers Inc.,Enderlin,ND,,,assoc:ND
Mattern Family Meats,Bottineau,ND,,,assoc:ND
Meats By John And Wayne,Fargo,ND,,,assoc:ND
Mema's Meats,Berthold,ND,,,assoc:ND
Miller Meats And Processing,Heaton,ND,,,assoc:ND
Milnor Locker,Milnor,ND,,,assoc:ND
Minot North High School,Minot,ND,,,assoc:ND
Mogren Custom Processing,Kenmare,ND,,,assoc:ND
Myers Meats & Specialties,Parshall,ND,,,assoc:ND
"Myers Meats & Specialties, Inc.",Garrison,ND,,,assoc:ND
Nash Family Bacon,Fargo,ND,,,assoc:ND
Ndsu Meat Laboratory,Fargo,ND,,,assoc:ND
"Nodak Meats, LLC",Steele,ND,,,assoc:ND
"North American Bison, LLC",New Rockford,ND,,,assoc:ND
North Valley Career & Technology Center,Grafton,ND,,,assoc:ND
Old Tyme Meat Shoppe,Belfield,ND,,,assoc:ND
Pearson's Green Acres,Wilton,ND,,,assoc:ND
Power Plate Meals,West Fargo,ND,,,assoc:ND
Prime Cut Meats,Fargo,ND,,,assoc:ND
Quality Boneless Beef LLC,West Fargo,ND,,,assoc:ND
R&R Meats,Granville,ND,,,assoc:ND
R3 Meats LLC,Carrington,ND,,,assoc:ND
Reister Meats & Catering,Streeter,ND,,,assoc:ND
Rhino Meat Processing LLC,Maddock,ND,,,assoc:ND
Ridl's Country Fixins LLC,Belfield,ND,,,assoc:ND
Roughrider Career & Technology Center,Mandan,ND,,,assoc:ND
S & K Processing,Minot,ND,,,assoc:ND
"Scherr's Meats, Llp",Linton,ND,,,assoc:ND
Schieles Meat Processing,Minot,ND,,,assoc:ND
Schmitt Locker,Napoleon,ND,,,assoc:ND
Schweitzer's Gourmet Meats,Moffit,ND,,,assoc:ND
Selensky Meats LLC,Drake,ND,,,assoc:ND
"Spruce Hill Meats, LLC",Bowman,ND,,,assoc:ND
Srctc - Mobile Meats Lab,Wahpeton,ND,,,assoc:ND
Stan's Super Market,Wishek,ND,,,assoc:ND
Sundale Colony,Milnor,ND,,,assoc:ND
The Bison Ranch Llp,Jamestown,ND,,,assoc:ND
"The Butcher Shop, Inc.",Oakes,ND,,,assoc:ND
The Locker,Westhope,ND,,,assoc:ND
The Meat Company,Minot,ND,,,assoc:ND
The Meat Shack,Rolette,ND,,,assoc:ND
The Meat Shop,Beulah,ND,,,assoc:ND
Tracy's Market,Fessenden,ND,,,assoc:ND
Trappers Meat & Supply,Jamestown,ND,,,assoc:ND
Valley Meat Supply,Valley City,ND,,,assoc:ND
Viking Custom Slaughter,Bowdon,ND,,,assoc:ND
Watford City High School,Watford City,ND,,,assoc:ND
Wayne's Food Pride,Dunseith,ND,,,assoc:ND
Weber's Meats,Reynolds,ND,,,assoc:ND
West Dakota Meats,Bismarck,ND,,,assoc:ND
Whalen's Meat Packing LLC,Mott,ND,,,assoc:ND
Wurst Shop,Dickinson,ND,,,assoc:ND
Yellowstone River Beef,Williston,ND,,,assoc:ND
A.J. Cetak's Meat Market,Ord,NE,308-728-3858,www.cetaks.com,assoc:NE
Bandiola Spice,Lincoln,NE,402-464-6147,www.bandiolaspice.com,assoc:NE
"Bar B Que Specialties, Inc.",Grafton,NE,402-282-7264,,assoc:NE
Bell Creek Beef,Arlington,NE,402-478-4222,,assoc:NE
Cal Holz Natural Beef,Central City,NE,308-946-2200,,assoc:NE
Cargill,Schuyler,NE,402-352-5411,www.sterlingsilvermeats.com,assoc:NE
CeBerg's Farmed Ostrich,Lincoln,NE,402-488-0286,,assoc:NE
"Central Nebraska Packing, Inc.",North Platte,NE,308-532-1250,,assoc:NE
Cetak's Meats and Sausages,Lincoln,NE,402-630-6103,www.cetaks.com,assoc:NE
Chelberg Food Corporation,Omaha,NE,402-666-5363,,assoc:NE
Country Sliced Ham,Omaha,NE,402-331-1910,www.countryslicedham.biz,assoc:NE
"Del Gould Meats, Inc.",Lincoln,NE,402-438-3520,,assoc:NE
Den's Country Meats,Table Rock,NE,402-839-4635,,assoc:NE
Den's Meat Distributing,Fairbury,NE,402-729-6197,,assoc:NE
Diamond B Beef,St. Libory,NE,308-986-2548,,assoc:NE
Erstwhile Farm,Columbus,NE,402-897-4065,,assoc:NE
Fairbury Steaks,Fairbury,NE,402-729-3364,,assoc:NE
Fremont Beef Company,Fremont,NE,402-727-7200,,assoc:NE
Frenchman Valley Farmers Co-op,Imperial,NE,308-882-3200,www.fvcoop.com,assoc:NE
Garvin Meats/Garvin's Prairie Pride,Franklin,NE,308-425-9974,www.prairiespride.com,assoc:NE
Gibbon Packing Co.,Gibbon,NE,308-468-5771,,assoc:NE
"Greater Omaha Packing Co., Inc.",Omaha,NE,402-731-1700,www.greateromaha.com,assoc:NE
"Halal Transactions, Inc.",Omaha,NE,402-572-6120,www.halaltransactions.org,assoc:NE
"Henningsen Foods, Inc.",Omaha,NE,402-330-2500,www.henningsenfoods.com,assoc:NE
Hickory Hunk,Syracuse,NE,402-269-2426,,assoc:NE
Holen One Farms-Fine Foods,Loomis,NE,308-876-2169,www.holenonefarms.com,assoc:NE
J F O'Neill Packing Co.,Omaha,NE,402-733-4911,,assoc:NE
"Jerry Glaser, Inc.",Spalding,NE,308-497-2782,,assoc:NE
JP's Butcher Block,Rulo,NE,402-245-2801,,assoc:MO
Lone Wolf Wurst Meats,Arapahoe,NE,308-962-7489,www.lonewolfwurstmeats.com,assoc:NE
Mann's International Meat Specialties,Omaha,NE,402-339-7000,,assoc:NE
"McGuire's Gourmet Beef, Inc.",Lincoln,NE,402-467-4744,,assoc:NE
"Midwest Fish Processors, Inc.",Humphrey,NE,402-270-2337,,assoc:NE
Morgan Ranch Beef,Burwell,NE,308-346-4394,www.morganranchinc.com,assoc:NE
Myolean Piedmont Beef,Norfolk,NE,402-580-2471,www.myoleanpied.com,assoc:NE
"Nebraska Beef, Ltd.",Omaha,NE,402-733-7000,,assoc:NE
Nebraska Buffalo Company,Hordville,NE,402-757-3215,,assoc:NE
Nebraska Corn-Fed Beef,Lincoln,NE,402-475-2333,,assoc:NE
Nebraska Famous Steaks,Omaha,NE,402-463-8823,,assoc:NE
Nebraska's Famous Steaks,Hastings,NE,402-463-8823,www.famoussteaks.com,assoc:NE
NebraskaBison.com,Bennet,NE,402-782-2500,,assoc:NE
"Needham, Inc",Omaha,NE,402-344-3820,www.needhaminc.org,assoc:NE
Niobrara Valley Bison,Malcolm,NE,402-525-4370,www.NiobraraValleyBison.com,assoc:NE
"Omaha Meat Processing, Inc.",Omaha,NE,402-554-1965,,assoc:NE
Omaha Steaks,Omaha,NE,402-597-3000,www.omahasteaks.com,assoc:NE
Omaha Steaks Food Service,Omaha,NE,402-597-8109,www.omahasteaks.com/foodservice,assoc:NE
Ox Bow Trail Elk,Columbus,NE,402-606-4165,,assoc:NE
Pawnee Pride Meats,Steinauer,NE,402-869-2396,,assoc:NE
Pelicans Meat Processing,Johnson,NE,402-868-4105,,assoc:NE
Pella Locker,Tecumseh,NE,402-335-2777,,assoc:NE
"Preferred Popcorn, LLC",Chapman,NE,308-986-2526,www.preferredpopcorn.com,assoc:NE
Premium Nelson Brand,Fairfield,NE,402-726-2282,www.nelsonbrand.com,assoc:NE
"Quality Pork International, Inc.",Omaha,NE,402-339-1911,,assoc:NE
"Rabe's Quality Meats, Inc.",Omaha,NE,402-895-5399,,assoc:NE
Raikes Beef Co,Ashland,NE,402-944-2474,,assoc:NE
Roman 's II,Norfolk,NE,402-371-5990,,assoc:NE
Sandhill Ranchers Beef Co.,Mullen,NE,308-546-2371,,assoc:NE
"Sandhills Bison Jerky & Products, LLC",Wood Lake,NE,402-967-3423,,assoc:NE
"Skylark Meats, Inc.",Omaha,NE,402-592-0300,,assoc:NE
Smoking Gun Jerky,Lincoln,NE,402-467-6315,www.smokinggunjerky.com,assoc:NE
Stoysich House of Sausage,Omaha,NE,402-341-7260,www.stoysich.com,assoc:NE
Straight Arrow Bison,Broken Bow,NE,308-872-3066,www.straightarrowbison.com,assoc:NE
TD Niche Pork,Elk Creek,NE,402-335-0197,,assoc:NE
"The Meat Shoppe, Inc.",Gering,NE,308-436-3339,www.themeatshoppe.com,assoc:NE
Theo's Enterprises,Wayne,NE,402-375-5084,www.tedsseasoning.com,assoc:NE
Twin Loups Quality Meats,St. Paul,NE,308-754-4031,,assoc:NE
"Tyson Fresh Meats, Inc.",Dakota City,NE,402-241-2146,www.tysonfoodsinc.com/freshmeats,assoc:NE
Wausa Lockers,Wausa,NE,402-586-2882,,assoc:NE
East Conway Beef & Pork,Conway,NH,603-939-2813,,assoc:NH
Lemay & Sons Beef,Goffstown,NH,603-622-0022,,assoc:NH
MontShire Farm,North Haverhill,NH,603-787-9199,,assoc:NH
PT Farm,North Haverhill,NH,(603) 787-9199,http://newenglandmeat.com/,assoc:NH
The Local Butcher,Center Barnstead,NH,603-813-2054,newenglandbutcher.com,assoc:NH
Butler Meats,Carson City,NV,775-883-0211,,assoc:NV
Park Ranch,Minden,NV,775-636-3385,,assoc:NV
Double L Ranch,Guilderland,NY,518-355-6944,,assoc:NY
Eagle Bridge Smokehouse,Eagle Bridge,NY,518-677-2702,http://eaglebridgecustommeat.com/,assoc:NY
Hilltown Pork,Canaan,NY,518-781-4050,,assoc:NY
Malafy's Meat Processing,Red Hook,NY,845-876-6306,,assoc:NY
Stockyards Packing Co. LLC,Oxford,OH,513-312-0648,,assoc:OH
3 South Processing,Ada,OK,(580)320-4507,,assoc:OK
3F's Poultry and Rabbit Processing,Checotah,OK,(918)843-0232,,assoc:OK
7 Oak Meat Company,Sallisaw,OK,(918)235-1309,,assoc:OK
Adair Custom Processing,Adair,OK,(918)953-0152,,assoc:OK
Agri Services Meat Proc. Plant,McAlester,OK,(918)421-3399,,assoc:OK
American Heritage Beef,Nowata,OK,(918)914-0465,,assoc:OK
"American Heritage Beef Co., LLC",Bartlesville,OK,918-273-BEEF,,assoc:MO
Anderson's Processing LLC,Delaware,OK,(918)467-3659,,assoc:OK
Apex Chop House,Prague,OK,(539)210-5344,,assoc:OK
Bailey's Midway Meat Processing,Paden,OK,(405)932-4335,,assoc:OK
Barnsdall Meat Processing,Barnsdall,OK,(918)847-2814,,assoc:OK
"Bass ButcherShop, LLC",Felt,OK,(806)339-1505,,assoc:OK
Big A Meatball Company,Oklahoma City,OK,(405)946-9720,,assoc:OK
Bill's Custom Processing LLC,Coalgate,OK,(580)428-3028,,assoc:OK
Blue & Gold Sausage Company,Jones,OK,(405)399-2954,,assoc:OK
Bob McKinney & Son,Cushing,OK,(918)387-2401,,assoc:OK
Bovard's County Line,Blackwell,OK,(580)363-5833,,assoc:OK
Brown's Meat Processing,Holdenville,OK,(405)379-2979,,assoc:OK
"Butch's Processing, Inc.",Seminole,OK,(405)382-2833,,assoc:OK
Butcher House Meats,Hominy,OK,(918)287-0079,,assoc:OK
Butler's B&B Processing,Madill,OK,(580)795-2667,,assoc:OK
C & C Custom Cuts,Laverne,OK,(580)921-6328,,assoc:OK
Checotah Meat Company LLC,Checotah,OK,(405)802-8211,,assoc:OK
Chickasha Meat Co. LLC,Chickasha,OK,(405)224-1900,,assoc:OK
Cook's Processing,Miami,OK,(918)542-5796,,assoc:OK
Country Home Meat Company,Edmond,OK,(405)341-0267,,assoc:OK
Davis Arctic Processing,Davis,OK,(580)369-2839,,assoc:OK
Eastern Oklahoma State College,Wilburton,OK,(918)465-2361,,assoc:OK
Eaton Custom Processing,Stilwell,OK,(918)696-2763,,assoc:OK
Ed's Deer Processing,Marlow,OK,(580)574-3001,,assoc:OK
Elmer Miller Packing Company,Covington,OK,(580)864-7440,,assoc:OK
Enid Packing Company,Enid,OK,(580)237-2695,,assoc:OK
Ernie's Meat Market,Ardmore,OK,(580)226-3686,,assoc:OK
Fairview Packing Company,Fairview,OK,(580)227-3500,,assoc:OK
Fifth Avenue Processing,Sterling,OK,(580)365-4460,,assoc:OK
Freedom Processing,Marlow,OK,(580)641-2000,,assoc:OK
Ft. Cobb Locker Plant,Ft. Cobb,OK,(405)643-2355,,assoc:OK
Gage Locker Company,Gage,OK,(580)923-7661,,assoc:OK
Good Times Beef Jerky,Stratford,OK,(580)759-4663,,assoc:OK
H & L Custom Processing,Coalgate,OK,(580)927-5408,,assoc:OK
Hard Times Beef Jerky,El Reno,OK,(580)497-7695,,assoc:OK
Harryman's Custom Meat,Tuttle,OK,(405)448-0886,,assoc:OK
"Hilltop Processing, LLC",Lexington,OK,(405)527-7048,,assoc:OK
Homestead Meats & Processing LLC,Guthrie,OK,(405)697-7244,,assoc:OK
Hrem Processing Center,Haskell,OK,(918)277-7778,,assoc:OK
John's Food Service,Oklahoma City,OK,(405)632-8117,,assoc:OK
Kay's Custom Company,McAlester,OK,(918)423-7400,,assoc:OK
Keith's Butcher Shop,Burns Flat,OK,(580)562-3220,,assoc:OK
Kellogg Custom,Hominy,OK,(918)805-7677,,assoc:OK
Kilgore's Meat Processing,Stigler,OK,(918)967-2613,,assoc:OK
Larry's Meat & Produce,Union City,OK,(405)483-5504,,assoc:OK
Lawton Meat Processing,Lawton,OK,(580) 353-6448,,assoc:OK
Lyles Custom Meat,Chelsea,OK,(918)378-2364,,assoc:OK
M&M Custom Butchering,Miami,OK,(918)542-6421,,assoc:OK
M&M Fleming LLC DBA Randy's Foods,Okmulgee,OK,(918)756-6278,,assoc:OK
Market 54,Weatherford,OK,(580)772-3510,,assoc:OK
Mayes County Processing,Pryor,OK,(539)210-5344,,assoc:OK
Meat Market 580,Arnett,OK,(580)290-0924,,assoc:OK
Midlothian Custom Processing,Chandler,OK,(405)416-3886,,assoc:OK
Mike's Famous Beef Jerky,Chickasha,OK,(405)224-4040,,assoc:OK
Mitch's Meat Market,Bristow,OK,(918)899-0999,,assoc:OK
Nowakowski Custom Processing,Harrah,OK,(405)454-6162,,assoc:OK
OK Dept Career Tech Mobile (Teaching Only),Stillwater,OK,(405)743-5430,,assoc:OK
Oklahoma City Meat Company,Oklahoma City,OK,(405)235-3308,,assoc:OK
Osage Country Meat Market,Ponca City,OK,(580)762-8026,,assoc:OK
Osteen's Meat Specialities,Oklahoma City,OK,(405)236-1952,,assoc:OK
Peck's Dewey Custom Butchering,Dewey,OK,(918)534-1382,,assoc:OK
Prairie Rose Processing,Chickasha,OK,(405)224-6429,,assoc:OK
Quartz View Meat Company,Altus,OK,(580)477-1390,,assoc:OK
R & D Meats,Jennings,OK,(918)688-2390,,assoc:OK
"Rainey's Custom Butchering, Inc.",Ramona,OK,(918)536-3800,,assoc:OK
"Rancho LosTres Potrilos #2, Inc",Okmulgee,OK,(918)366-2794,,assoc:OK
"Ray's Meat Market, Inc.",Woodward,OK,(580)256-6031,,assoc:OK
Rick's Custom Butchering,Collinsville,OK,(918)371-2895,,assoc:OK
"Rickman's Custom Processing, LLC",Hugo,OK,(580)326-0592,,assoc:OK
Rios Custom Processing,Dover,OK,(405)828-4247,,assoc:OK
"Route 66 Meat Processing, LLC",Sayre,OK,(580)729-1030,,assoc:OK
Schones Locker & Market,Canute,OK,(580)472-3300,,assoc:OK
Scott Cattle Company Processing,El Reno,OK,(405)318-4738,,assoc:OK
Scotts' Farm,Tecumseh,OK,(405)831-7755,,assoc:OK
Stubblefield's Processing,Bristow,OK,(918)367-6824,,assoc:OK
Sweazea's Custom Meat Processing,Wetumka,OK,(405)452-5131,,assoc:OK
Temple Processing,Temple,OK,(580)342-5031,,assoc:OK
Tenderette Steak Company,Oklahoma City,OK,(405)634-5655,,assoc:OK
The Butcher Block,Canute,OK,(580)339-1937,,assoc:OK
The Fatted Calf,Geary,OK,(405)884-2644,,assoc:OK
Thompson's Butcher Barn,Chouteau,OK,(918)476-5508,,assoc:OK
Thunderbird Meat Processing,Norman,OK,(405)364-5270,,assoc:OK
Tonkawa Meat Processing,Tonkawa,OK,(580)628-4550,,assoc:OK
Tucker's Slaughterhouse,Durant,OK,(580)924-2560,,assoc:OK
Tulsa Beef & Provision Company,Tulsa,OK,(918)587-5197,,assoc:OK
Unrau's Meat Processing,Inola,OK,(918)543-8245,,assoc:OK
Watson Farms Meat Processing & Market,Council Hill,OK,(618)636-2496,,assoc:OK
"Weaver's Meat Proc., Inc.",Poteau,OK,(918)649-0597,,assoc:OK
White's Slaughterhouse,Ft. Gibson,OK,(918)478-2347,,assoc:OK
Wild Country Meat Market,Hominy,OK,(918)885-6758,,assoc:OK
WR Meat Company,Sulphur,OK,(580)622-5929,,assoc:OK
H & K Meats,Stayton,OR,,handkmeats.com,assoc:MT
Hines Meat Company,La Grande,OR,,hinesmeat.com,assoc:MT
White's Country Meat Market,Gresham,OR,,whitescountrymeats.com,assoc:MT
Adler's Market,Philipsburg,PA,814-342-1993,,assoc:PA
Alex Froehlich Packing Co.,Johnstown,PA,814-535-7694,,assoc:PA
Barn Stone Farm,Trumbaursville,PA,267-354-0433,,assoc:PA
Bryan Garman Slaughtering,East Earl,PA,717-354-6362,,assoc:PA
Antonelli's Poultry,Providence,RI,401-421-8739,,assoc:RI
Baffoni's Poultry Farm,Johnston,RI,401-231-6315,baffonispoultryfarm.com,assoc:RI
Rhode Island Beef & Veal Company,Johnston,RI,401-232-7220,,assoc:RI
Westerly Packing Company,Westerly,RI,401-596-4340,,assoc:RI
"Dillon Provision Company, Inc.",Dillon,SC,843-774-9491,dillonprovision.com,assoc:SC
Bierman Equipment,,SD,,,assoc:SD
Bunzl Koch USA,,SD,,,assoc:SD
Carlson & Stewart Refrigeration Inc.,,SD,,,assoc:SD
Central Bi Products,,SD,,,assoc:SD
Custom Meat Solutions,,SD,,,assoc:SD
D.J.V. LABEL & PACKAGING,,SD,,,assoc:SD
Dakota Protein Solutions,,SD,,,assoc:SD
"Diamond S Meats, Inc.",Lemmon,SD,,,assoc:ND
Fusion Tech Integrated,,SD,,,assoc:SD
"Gohmann Supply, LLC",,SD,,,assoc:SD
Handtmann INC,,SD,,,assoc:SD
High Plains Frontier Supply LLC,,SD,,,assoc:SD
Jarvis Products Corporation,,SD,,,assoc:SD
JB Group,,SD,,,assoc:SD
JBT Marel,,SD,,,assoc:SD
Kerres USA,,SD,,,assoc:SD
Lemmonmade Inc,Lemmon,SD,480-298-8057,,assoc:SD
"Mar/co Sales, Inc.",,SD,,,assoc:SD
MultiVak,,SD,,,assoc:SD
Nassau Foods,,SD,,,assoc:SD
North Central Food Processing,,SD,,,assoc:SD
Poly Clip,,SD,,,assoc:SD
Reiser,,SD,,,assoc:SD
"ScottPec, Inc.",,SD,,,assoc:SD
SD Rural Development,,SD,,,assoc:SD
Sentinel Trailers LLC,,SD,,,assoc:SD
Silver Clip,,SD,,,assoc:SD
South Dakota Beef Council,,SD,,,assoc:SD
Sperl-Pak Repair,,SD,,,assoc:SD
Templink Monitoring Solutions,,SD,,,assoc:SD
Ultra Source LLC,,SD,,,assoc:SD
VC999 Packaging Systems,,SD,,,assoc:SD
Waltons Inc.,,SD,,,assoc:SD
We R Food Safety,,SD,,,assoc:SD
Alamo City Meat Market LLC,San Antonio,TX,210-781-2545,,assoc:TX
"Alamo Farms, Inc.",San Antonio,TX,210-998-2800,,assoc:TX
Alaniz Foods,Brownsville,TX,956-266-5708,,assoc:TX
"All Hale Meats, LLC",Wolfforth,TX,806-771-0340,,assoc:TX
Bayco Meat Processing,Seymour,TX,940-889-2424,,assoc:TX
Bayer's Kolonialwaren,Muenster,TX,940-759-2822,,assoc:TX
Benos Foods LLC,McAllen,TX,956-682-3141,,assoc:TX
"Big State Meat & Provisions Co, Inc",Sunnyvale,TX,214-398-8339,,assoc:TX
Big Texas Mobile Food Service,Dallas,TX,214-788-2814,,assoc:TX
Bluebonnet Meat Company,Trenton,TX,903-989-2293,,assoc:TX
"Bola Pizza, LLC",Austin,TX,512-453-7223,,assoc:TX
Bolner Meat Co.,San Antonio,TX,210-534-5481,,assoc:TX
Braun Food Service,San Antonio,TX,210-475-0801,,assoc:TX
"Broken O Processing & Custom Meats, LLC",Comanche,TX,254-879-3313,,assoc:TX
Bronco Meat Inc.,El Paso,TX,915-860-7931,,assoc:TX
Cabritos Garza,Humble,TX,281-443-8185,,assoc:TX
Capital Meats LLC,Bertram,TX,512-538-5689,,assoc:TX
"Carl Miles Food Service, Inc.",Odessa,TX,432-337-6067,,assoc:TX
Carne Deshidratada Las Tres Ninas,Alton,TX,956-227-2338,,assoc:TX
Carniceria Hidalgo,Corpus Christi,TX,,,assoc:TX
Castro Foods,Los Fresnos,TX,956-233-4052,,assoc:TX
CAWS Cracklin,Katy,TX,832-441-5232,,assoc:TX
Chicharrones El Guero,Misson,TX,956-313-2219,,assoc:TX
"City Market, Inc.",Schulenberg,TX,979-743-3440,,assoc:TX
Clay County Meat Processing,Henrietta,TX,940-538-9111,,assoc:TX
Cobbs Meat Processing,Sumner,TX,903-785-7012,,assoc:TX
Coleman County Processing,Coleman,TX,325-625-4813,,assoc:TX
"Con El Sazon De Dona Lichis, LLC.",Mission,TX,956-360-1347,,assoc:TX
"Crystal Creek Cattle Co., Inc.",Dallas,TX,972-241-1180,,assoc:TX
"D&M Meat Processing, LLC",San Antonio,TX,210-712-7318,,assoc:TX
Dady Premier Catering,San Antonio,TX,210-373-7589,,assoc:TX
Dallas Dressed Beef LLC,Dallas,TX,214-638-0142,,assoc:TX
Dan's Processing Center Inc.,Alice,TX,361-668-8293,,assoc:TX
dba/ Renko Sausage LLC,De Soto,TX,972-971-1829,,assoc:TX
Delgar Foods,San Juan,TX,956-961-4609,,assoc:TX
Delicious Tamales,San Antonio,TX,210-735-0275,,assoc:TX
DN & KP INC,Grand Prairie,TX,817-721-6359,,assoc:TX
Don Carbon Distributors LLC,El Paso,TX,915-875-1313,,assoc:TX
Don Pedro Molino LLC,San Antonio,TX,210-366-3066,,assoc:TX
Dutchman's Market,Fredericksburg,TX,830-997-5693,,assoc:TX
Dziuk's Meat Market,Castroville,TX,830-538-3082,,assoc:TX
"Eckermann's Meat Market, Inc.",New Ulm,TX,979-836-8858,,assoc:TX
EJ Meat Company,Shiner,TX,361-594-3158,,assoc:TX
El Barbas Carne Seca,Mission,TX,956-321-3065,,assoc:TX
El Kiosko Products Inc.,Houston,TX,844-454-6756,,assoc:TX
Felito's Finest LLC,Santa Elena,TX,956-735-6401,,assoc:TX
First Choice Quality Meats Inc.,San Antonio,TX,210-922-8383,,assoc:TX
Fisher Ham and Meat INC,Spring,TX,281-376-1645,,assoc:TX
Fresh N Tender Halal Foods,Plano,TX,469-543-0907,,assoc:TX
G & G Trading,Killeen,TX,254-519-0888,,assoc:TX
GAG Meat Processors LLC,Dallas,TX,214-546-0175,,assoc:TX
"Gerlet, LLC.",Brownsville,TX,956-459-7303,,assoc:TX
"Gibby's Specialty Foods, Inc",Mountain Home,TX,830-285-1640,,assoc:TX
"Glen's Packing Company, Inc.",Hallettsville,TX,361-798-2601,,assoc:TX
Granzin's Meat Market,New Braunfels,TX,830-625-3510,,assoc:TX
GuanaMex Meats,Dallas,TX,469-767-6648,,assoc:TX
H. W. Doyle Processing,Giddings,TX,979-542-3555,,assoc:TX
Hamilton Meats,Weatherford,TX,817-596-8474,,assoc:TX
Harris County Farms,Houston,TX,281-452-2095,,assoc:TX
Hibler Family Slaughter & Processing,San Saba,TX,325-372-5195,,assoc:TX
Hill Country Smoked Meats LLC,Boerne,TX,830-249-8063,,assoc:TX
Hinojosa Bros.,Roma,TX,956-849-2386,,assoc:TX
House of Meats,Corpus Christi,TX,,,assoc:TX
J.L.Rojas Investments LLC,Edinburg,TX,956-380-0687,,assoc:TX
Jackson Brothers Food Locker,Post,TX,806-495-3245,,assoc:TX
Jackson Brothers Meat Company,Silsbee,TX,409-386-6516,,assoc:TX
Jackson Slaughter and Processing,Silsbee,TX,409-385-4573,,assoc:TX
Jalisco Supermarket,Corpus Christi,TX,361-887-8983,,assoc:TX
Janak's Packing Co. Inc.,Hallettsville,TX,361-798-2985,,assoc:TX
Jaramillo's Beef Jerky,Dumas,TX,806-421-4123,,assoc:TX
JB Processing,San Antonio,TX,210-427-8359,,assoc:TX
Jimenez Meat Market,Odessa,TX,432-580-8226,,assoc:TX
"Kiki's Farm, Cages & More LLC",Hargill,TX,956-270-2810,,assoc:TX
KMIS LLC dba US Halal Meat,Sherman,TX,972-408-5876,,assoc:TX
Kountry Bakery,Hallettsville,TX,361-798-4423,,assoc:TX
Krolczyk Meats Inc.,Hempstead,TX,409-826-3601,,assoc:TX
La Casa De Mi Abuela,Mission,TX,956-905-9948,,assoc:TX
La Tapatia Inc.,El Paso,TX,915-859-9616,,assoc:TX
Lalah Foods LLC,Austin,TX,512-905-6412,,assoc:TX
Latino's Meat Company,Houston,TX,713-926-9090,,assoc:TX
Liberty Meats,Crosbyton,TX,806-675-0044,,assoc:TX
"Longhorn Meat Market South, LLC",Austin,TX,512-280-6514,,assoc:TX
Los Corrales,Houston,TX,713-928-3669,,assoc:TX
M&M Deer Processing LLC,Lampasas,TX,512-556-5969,,assoc:TX
MA Foods LLC dba Alfonso's Mexican Food Products,San Antonio,TX,210-648-6060,,assoc:TX
Maeker's Sausage & Processing Plant,Shiner,TX,361-594-2172,,assoc:TX
Martinez Food Co.,Elgin,TX,512-285-3282,,assoc:TX
Meat Science & Technology Center,College Station,TX,979-845-5651,,assoc:TX
Meatheads,Gonzales,TX,830-672-2135,,assoc:TX
Mercantile Meat Plant Co.,Utopia,TX,830-966-2222,,assoc:TX
Mercy Slaughter,Katy,TX,281-391-0021,,assoc:TX
"Merida Foods, LLC",San Antonio,TX,210-368-9403,,assoc:TX
Mertz Sausage Co.,San Antonio,TX,210-433-3263,,assoc:TX
Mertzon Meat Company LLC,Mertzon,TX,325-835-2611,,assoc:TX
"MSJD Manufacturing, LLC",Italy,TX,972-483-7264,,assoc:TX
Mt.Pleasant Meat Processing,Mt. Pleasant,TX,903-572-8722,,assoc:TX
My Thanh Food LLC,Houston,TX,281-498-7089,,assoc:TX
Neal Boxed Beef,Amarillo,TX,806-383-1175 ext 5415,,assoc:TX
"North Creek Smoke House, LLC",St. Hedwig,TX,210-984-1859,,assoc:TX
Northern Food Distributors,Stafford,TX,281-261-5160,,assoc:TX
O'Brien Meat,Taylor,TX,512-352-6433 512-365-5155,,assoc:TX
Ohl Style Beef Jerky LLC,Needville,TX,979-793-5440,,assoc:TX
Oma's Choice Inc.,Columbus,TX,979-733-0679,,assoc:TX
Oval Mexican Products,San Antonio,TX,210-317-1622,,assoc:TX
"Pacific Eagle Trading, Inc",Dallas,TX,214-516-1073,,assoc:TX
Panhandle Meat Processing,Amarillo,TX,806-499-3168,,assoc:TX
Penas Meat Market,Corpus Christi,TX,361-884-8118,,assoc:TX
"Penshorn's Meat Market, LLC",Marion,TX,830-420-2327,,assoc:TX
Pollok's Market,Falls City,TX,830-776-4195,,assoc:TX
Prairie View A&M Meat Science Center,Prairie View,TX,936-261-5053,,assoc:TX
Productos Dona Blanca,Laredo,TX,956-238-4747,,assoc:TX
Quality Processing,Houston,TX,713-644-7829,,assoc:TX
Ranger Meat Company,Ranger,TX,254-647-1563,,assoc:TX
Redneck Ranch Beef Production,Scotland,TX,940-636-6963,,assoc:TX
Renfro Packing,Lufkin,TX,936-632-2588,,assoc:TX
Rudolph's Market & Sausage Factory,Dallas,TX,214-741-1874,,assoc:TX
Santa Anna Custom Processing,Santa Anna,TX,325-348-9171,,assoc:TX
Shamrock Slaughter,Shamrock,TX,806-256-3241,,assoc:TX
Smithville Food Lockers,Smithville,TX,512-237-2438,,assoc:TX
Star Meat Co,Houston,TX,713-692-0894,,assoc:TX
Storm's Across Texas,Lampasas,TX,512-556-9400,,assoc:TX
Sul Ross State University Meat Market,Alpine,TX,432-837-8208,,assoc:TX
Tarleton State University Meat Lab,Stephenville,TX,254-968-9204,,assoc:TX
Teveni's Wholesale Meat Dist.,San Antonio,TX,210-223-5326,,assoc:TX
Texas Pride Processing LLC,Jewett,TX,903-626-5358,,assoc:TX
The Butcher Block Meat Processing,Cross Plains,TX,254-725-4035,,assoc:TX
"The Green Cart, LLC",Austin,TX,512-389-0018,,assoc:TX
The Lights Jerky Company,Alpine,TX,432-294-0732,,assoc:TX
"The Mix of Flavors, LLC.",McAllen,TX,956-627-3119,,assoc:TX
"Thompson's Custom Meats & Processing, LP",Dublin,TX,254-445-4180,,assoc:TX
Tio Taco Products,Edinburg,TX,956-383-5202,,assoc:TX
"Titus County Meat Processing Plant,LLC",Mount Pleasant,TX,903-563-4282,,assoc:TX
Tortilleria La Gloria LLC.,San Antonio,TX,210-240-2906,,assoc:TX
Tuttle's Meat Market & Smokehouse,Woodsboro,TX,361-543-4853,,assoc:TX
"Twelve Oaks Catering Company, L.C.",Dallas,TX,214-956-9797,,assoc:TX
Tx. Dept. Criminal Justice (TDCJ),Tennessee Colony,TX,903-928-2311 ext 1412,,assoc:TX
Unidos Meat Market Inc.,Houston,TX,713-699-1827,,assoc:TX
"Uvalde Meat Processing, LLC",Uvalde,TX,830-279-1250,,assoc:TX
"Vallet Packing House, LLC.",Edna,TX,361-235-9540,,assoc:TX
Valley Crest Inc.,Terrell,TX,972-400-2933,,assoc:TX
Vinh Binh Food Products,Haltom City,TX,817-222-1219,,assoc:TX
Vinh Huong Food Products #2,Houston,TX,281-428-0703,,assoc:TX
"Waco Beef & Pork Processors, LLC",Waco,TX,254-772-4669,,assoc:TX
Waco Custom Meats & Seafood,Waco,TX,254-772-2377,,assoc:TX
"Westphalia Market, Inc.",Lott,TX,254-584-4060,,assoc:TX
Wiatrek Processing Plant,Poth,TX,830-484-2888,,assoc:TX
Wiatrek's Meat Market,Poth,TX,830-484-2838,,assoc:TX
Willie Joe's Processing,Schulenberg,TX,979-561-8272,,assoc:TX
"Yuris Food, LTD.",Houston,TX,713-715-8093,,assoc:TX
"Zuazua Products and Services, LLC. DBA Alamo Sun Dried Beef",Von Ormy,TX,210-369-1044,,assoc:TX
5 Pillar Meats,Farmville,VA,434-569-0165,,assoc:VA
Anderson & Sons Meats,Abingdon,VA,276-623-3623,,assoc:VA
Blue Ridge Meats of Front Royal,Middletown,VA,540-636-6050,,assoc:VA
Central Meats,Chesapeake,VA,757-547-2161,,assoc:VA
Dodson Meat Processing,Stuart,VA,276-288-4838,,assoc:VA
Donald's Meat Processing,Lexington,VA,540-463-2333,,assoc:VA
EcoFriendly Foods,Moneta,VA,540-525-0352,,assoc:VA
Finest Butcher,Bealton,VA,540-439-7277,,assoc:VA
Firehouse Farms,Willis,VA,540-789-2707,,assoc:VA
Good Ole Boys Processing,Lee County,VA,,,assoc:VA
Gore's Fresh Meats,Stephens City,VA,540-869-1129,,assoc:VA
Gore's Meats - Edinburg Foltz Plant,Edinburg,VA,540-984-8138,,assoc:VA
Gore's Meats - Stephens City Plant,Stephens City,VA,540-869-1029,,assoc:VA
Green Valley Meat Processors,Monroe,VA,434-299-5529,,assoc:VA
Hilly Haven Meat Processing,Barren Springs,VA,276-766-0214,,assoc:VA
Hunter's Burden,Elliston,VA,540-871-4839,,assoc:VA
KC Farms Meats,Ferrum,VA,540-365-2697,,assoc:VA
Russell Meat Packing,Castlewood,VA,276-794-7600,,assoc:VA
Schrock's Slaughter House,Gladys,VA,434-283-5400,,assoc:VA
Seven Hills Food Co.,Lynchburg,VA,434-845-1100,,assoc:VA
Smith Valley Meats,Rich Creek,VA,540-726-3992,,assoc:VA
T&E Meats,Harrisonburg,VA,540-434-4415,,assoc:VA
Taylor's Meat Processing,Christiansburg,VA,540-382-1323,,assoc:VA
The Butcher's Block,Dry Fork,VA,434-432-2345,,assoc:VA
Valley Meat Processors,Dayton,VA,540-879-9041,,assoc:VA
Washington County Meat Packing & Livestock,Bristol,VA,276-466-3000,,assoc:VA
Willis Meat Processing,Willis,VA,540-789-7241,,assoc:VA
Yoder's Custom Meat Processing,Floyd,VA,540-745-4311,,assoc:VA
Adams Farm,Wilmington,VT,(802) 464-3762,http://adamsfamilyfarm.com/,assoc:VT
Brault's Meat Market and Slaughterhouse,Troy,VT,(802) 744-2271,http://www.braultsmarket.com/,assoc:VT
Green Pasture Meats,New Haven,VT,(802) 453-5107,http://www.greenpasturemeats.com,assoc:VT
Maple Ridge Meats,Benson,VT,(802) 537-2811,http://mapleridgemeats.com/,assoc:VT
Northeast Kingdom Processing,St. Johnsbury,VT,(802) 748-2233,http://nekprocessing.com/,assoc:VT
Royalton Meats,South Royalton,VT,(802) 763-8100,,assoc:VT
The Royal Butcher,Braintree,VT,(802) 728-9901,http://www.theroyalbutcher.com/,assoc:VT
Vermont Livestock Slaughter and Processing,Ferrisburgh,VT,(802) 877-3421,http://vermontmeat.com/,assoc:VT
Vermont Packing House,North Springfield,VT,(802) 886-8688,http://www.vermontpackinghouse.com/,assoc:VT
Westminster Meats,Westminster Station,VT,802-722-3133,westminstermeats.com,assoc:VT
Haun's Meat,Walla Walla,WA,,haunsmeats.com,assoc:MT
7 Foot Cattle Co.,Livingston,WI,608-943-6363,,assoc:WI
A Butchery Shoppe,Spring Valley,WI,715-778-5016,,assoc:WI
Adams Meats,Pella,WI,715-754-5136,,assoc:WI
Almena Meat Company,Almena,WI,715-357-3592,,assoc:WI
"Avon Locker, INC",Darlington,WI,608-776-2336,,assoc:WI
Badger Ham,Milwaukee,WI,414-241-4486,,assoc:WI
Barnyard Butchers LLC,Town of Brothertown,WI,920-464-0565,,assoc:WI
"Beck's Meat Processing, LLC",,WI,920-589-2104,,assoc:WI
Black River Meats,Withee,WI,715-229-9272,,assoc:WI
Blair Meat Market,Blair,WI,608-989-2510,,assoc:WI
Block 49 Meats,,WI,715-456-1730,,assoc:WI
Block and Cleaver Artisan Meats,Siren,WI,715-349-7282,,assoc:WI
"Bloomington Meats II, LLC",Bloomington,WI,608-994-2867,,assoc:WI
Brandon Meats and Sausage Inc,Brandon,WI,920-346-2227,,assoc:WI
Bubba's Meats,La Crosse,WI,608-782-8453,,assoc:WI
Bunzel's Meat Market,Milwaukee,WI,414-873-7960,,assoc:WI
Burbach's Meat Market,Milwaukee,WI,414-466-3291,,assoc:WI
Bushy's Meat Market,Independence,WI,715-530-1089,,assoc:WI
Butcher Block 66,,WI,715-344-7622,,assoc:WI
Cain's Processing,,WI,715-948-6328,,assoc:WI
Central Sausage,,WI,541-815-9545,,assoc:WI
Country Pride Meats,Clinton,WI,608-676-4181,,assoc:WI
Craig's Meats & Catering LLC,Mindoro,WI,,,assoc:WI
Crescent Meats,Cadott,WI,715-289-3000,,assoc:WI
Custom Meats of Marathon Inc,Marathon City,WI,715-443-3734,,assoc:WI
D&G Custom Meat Processing,Poynette,WI,608-617-2470,,assoc:WI
D-D Meat Processing LLC,,WI,920-946-2984,,assoc:WI
Daefler's Quality Meats,Frederic,WI,715-327-4456,,assoc:WI
Derks Meats,Boyd,WI,715-644-0997,,assoc:WI
Driftless Provisions LLC,,WI,920-860-0481,,assoc:WI
Eden Meat Market,Eden,WI,920-477-2711,,assoc:WI
Falls Meat Service,Pigeon Falls,WI,715-983-2211,,assoc:WI
Farm Country Butchery,Conrath,WI,715-532-5063,,assoc:WI
Farm Market at SCF LLC,,WI,715-933-0158,,assoc:WI
Fox Bros. Piggly Wiggly,Hartford,WI,262-644-5281,,assoc:WI
Fox Heritage Farms,Village of Prairie du Sac,WI,608-283-9500,,assoc:WI
Fraboni's,Monona,WI,608-222-6632,,assoc:WI
Frickin A Bar & Grill,Dorchester,WI,715-654-6510,,assoc:WI
"Gehrings Meat Market, Inc",K,WI,262-644-6272,,assoc:WI
"Geiss Meat Service, LLC",,WI,,,assoc:WI
Gempeler's Supermarket,Monticello,WI,608-938-4927,,assoc:WI
Glenn's Market & Catering,Watertown,WI,920-261-2226,,assoc:WI
Haen Meats,Kaukauna,WI,920-766-3239,,assoc:WI
Hansen's IGA Smokehouse,Bangor,WI,608-486-2049,,assoc:WI
Hauber Brand Meats,Dickeyville,WI,608-568-7579,,assoc:WI
Headings Family Meats,Spencer,WI,715-659-4000,,assoc:WI
"Hickory Hills Country Meats, LLC",,WI,920-849-2618,,assoc:WI
Hillcrest Meats,,WI,920-516-7405,,assoc:WI
His Meat Company,,WI,715-435-3250,,assoc:WI
Hoesly's Meats,,WI,608-527-2513,,assoc:WI
Iron Rails Meats,,WI,412-670-2482,,assoc:WI
Jim's Meat Market,Iron River,WI,715-372-8566,,assoc:WI
JM Watkins,Plum City,WI,715-647-2554,,assoc:WI
Johnson's Sausage Shoppe,Rio,WI,,,assoc:WI
Jones Dairy Farm,,WI,309-798-6305,,assoc:WI
Kettle Range Meat Co.,Milwaukee,WI,414-882-7000,,assoc:WI
KIDFARM LLC/Calanna Specialty Foods,Chilton,WI,920-850-4733,,assoc:WI
KONOP Meats Inc,Denmark,WI,920-863-5881,,assoc:WI
Lake Geneva Country Meats,Lake Geneva,WI,262-248-3339,,assoc:WI
Leroy Meats & Catering,Horicon,WI,920-485-2554,,assoc:WI
Lodi Sausage Co.,Lodi,WI,608-592-3534,,assoc:WI
Louie's Finer Meats,Cumberland,WI,715-822-4728,,assoc:WI
Lynn's Custom Meats & Catering LLC,Hayward,WI,715-634-0751,,assoc:WI
Malterer Meats,Iron Ridge,WI,920-625-2887,,assoc:WI
Maplewood Meats,Green Bay,WI,920-865-7901,,assoc:WI
Marchants Foods Inc,Brussels,WI,920-825-1244,,assoc:WI
Mars Meats,,WI,715-226-2854,,assoc:WI
Meatski's Quality Meats,Pound,WI,920-897-3392,,assoc:WI
Meier's Meat Processing LLC,Orchard Beach Drive,WI,920-627-1899,,assoc:WI
Merrill Distributing Inc,,WI,715-636-6322,,assoc:WI
Mid-State Technical College,,WI,715-389-7011,,assoc:WI
Miesfelds Triangle Market,,WI,920-565-6328,,assoc:WI
Milling Sausage Inc,Milwaukee,WI,414-645-2677,,assoc:WI
Mr. B's Smokehouse Meats,Hillsboro,WI,608-489-6727,,assoc:WI
Ney's Premium Meats,Slinger,WI,414-254-2664,,assoc:WI
Nordik Meats,Three Chimney Road,WI,608-634-4604,,assoc:WI
"Northern Trails Meats, LLC",,WI,920-261-7807,,assoc:WI
Northstar Bison,Cameron,WI,715-458-4300,,assoc:WI
Northwoods Locker LLC,County Highway D,WI,715-948-2554,,assoc:WI
Nueske's Applewood Smoked Meats,,WI,715-253-4000,,assoc:WI
Off The Rail Meats,Augusta,WI,715-286-2920,,assoc:WI
Old Germantown,,WI,262-345-5961,,assoc:WI
Ole's Up-North Sausage Company,East,WI,715-682-1195,,assoc:WI
"Pelkin's Smokey Meat Market, LLC",,WI,715-854-3681,,assoc:WI
People's Meat Market,Stevens Point,WI,715-592-6328,,assoc:WI
Pernat Haase Meats,Emerald Drive,WI,920-386-3340,,assoc:WI
Peroutkas Meat Processing,,WI,715-623-2227,,assoc:WI
"Peterson Craft Meats, Inc.",Town of Farmington,WI,715-417-2253,,assoc:WI
Pingel Processing LLC,County Road A,WI,715-851-8281,,assoc:WI
"Pinter's Packing Plant, Inc",Dorchester,WI,715-654-5444,,assoc:WI
Pond-Hill Processing LLC,Wittenberg,WI,715-253-2491,,assoc:WI
Prem Meats & Catering,Spring Green,WI,608-588-2164,,assoc:WI
Prime Choice Meat Market,Eagle River,WI,715-479-4456,,assoc:WI
Pritzlaff Wholesale Meats Inc,,WI,262-786-1151,,assoc:WI
Quality Cut Meats,Cascade,WI,920-528-8424,,assoc:WI
Ray's Market,Colby,WI,715-223-4855,,assoc:WI
Richland Locker Co.,,WI,608-647-4577,,assoc:WI
River Valley Meats LLC,Withee,WI,715-229-4230,,assoc:WI
RJ's Meats,,WI,715-386-9291,,assoc:WI
Roskom Meats,Kaukauna,WI,920-766-1657,,assoc:WI
Ross' Glenwood City Locker,Glenwood City,WI,715-265-4833,,assoc:WI
Sailer's Food Market & Meat Processing,Elmwood,WI,715-639-2191,,assoc:WI
"Salcherts Market, Inc",Main Street,WI,920-999-2651,,assoc:WI
Salmon's Meat Products,Luxemburg,WI,920-845-2721,,assoc:WI
Salty Heifers Processing,Clintonville,WI,920-901-5760,,assoc:WI
Sheboygan Pasty Company,Sheboygan,WI,920-226-3000,,assoc:WI
Smith Bros Meats,Colby,WI,715-223-2777,,assoc:WI
Soderman's Meat Processing,,WI,906-428-2487,,assoc:WI
Solar Meats LLC,Soldiers Grove,WI,608-624-5525,,assoc:WI
Sorg Farm Packing Inc.,Darien,WI,,,assoc:WI
Starzer Meats LLC,Pound,WI,920-897-3108,,assoc:WI
"Steve's Country Meats, LLC",Genoa,WI,608-689-2440,,assoc:WI
Stoddard's Market,Village of Cottage Grove,WI,608-839-4228,,assoc:WI
Stoneridge Wholesale,Coloma,WI,920-765-2163,,assoc:WI
Straka Meats Inc,Plain,WI,608-546-3301,,assoc:WI
The Durand Smokehouse,Durand,WI,715-672-8073,,assoc:WI
The Market at Beaver Dam,,WI,920-887-7675,,assoc:WI
The Meat Block LLC,Greenville,WI,920-757-6622,,assoc:WI
The Meat Market,,WI,608-356-5574,,assoc:WI
The Meat Schoppe,,WI,608-723-7979,,assoc:WI
United Steaks & Spirits,,WI,608-326-7777,,assoc:WI
UP Products,,WI,906-477-3864,,assoc:WI
Van Meter Meats,Luck,WI,715-472-2141,,assoc:WI
Vollwerth & Co.,,WI,906-482-1550,,assoc:WI
Von Ruden Meat Processing LLC,Town of Portland,WI,608-654-7941,,assoc:WI
"Weber's Processing Plant, Inc",Cuba City,WI,608-744-2159,,assoc:WI
Wenzel's Farm Sauage,,WI,715-387-1218,,assoc:WI
West Bend Sausage Plus,,WI,262-429-1896,,assoc:WI
Westby Locker & Meat,Westby,WI,608-634-4515,,assoc:WI
Wilson Farm Meats,,WI,262-723-2919,,assoc:WI
Wisconsin River Meats,Mauston,WI,608-847-7413,,assoc:WI
Witt's Sausage Haus,,WI,715-526-5478,,assoc:WI
Zuber's Sausage Kitchen,Monroe,WI,608-329-6500,,assoc:WI
Backwood Meat Processing,Hambleton,WV,940-9590,,assoc:WV
Call's Meat Market,Hurricane,WV,681-233-4444,,assoc:WV
Campbell's Butcher Shop,Daily,WV,338-6911,,assoc:WV
"Coal Miner's Beef Jerky Co, LLC",Kegley,WV,887-5165,,assoc:WV
"Cook Brothers Meat Company, Inc.",Cool Ridge,WV,787-3101,,assoc:WV
D & K Custom Cutting,,WV,739-2686,,assoc:WV
"Farm to Fork Meat Processing, LLC",Ripley,WV,488-2229,,assoc:WV
Hyde's Meat Packing,Enterprise,WV,592-1156,,assoc:WV
Jackson's Meat Shop,Summersville,WV,872-0209,,assoc:WV
"Jerry Branch Meats, LLC",Mt. Nebo,WV,872-2639,,assoc:WV
K&L Processing,New Haven,WV,882-3200,,assoc:WV
Keen Quality Meats,Amma,WV,565-2200,,assoc:WV
Lost River Butcher Block,Lost River,WV,897-7612,,assoc:WV
Mann's Meat Processing LLC,Lindside,WV,320-2035,,assoc:WV
Martin's Meadow Poultry,Martinsburg,WV,301-491-8604,,assoc:WV
Mineral County Technical Center Meat Lab,Keyser,WV,788-4240,,assoc:WV
Mountain Clean Whitetails,Horner,WV,452-8689,,assoc:WV
"Mountain Steer Meat Co, LLC",White Sulphur Springs,WV,661-3432,,assoc:WV
"Mountaineer Meats, LLC",Waverly,WV,679-3340,,assoc:WV
Preston High School Animal Processing,Kingwood,WV,329-0400,,assoc:WV
Renick Valley Meats,Renick,WV,992-9302,,assoc:WV
RLM Butchering & Meat Processing,Harts,WV,855-3526,,assoc:WV
Sliders Processing & Smoked Meats,Rockport,WV,474-3471,,assoc:WV
"Teppy Dreams, LLC",Albright,WV,379-3098,,assoc:WV
The Charm Farm,Beverly,WV,940-0960,,assoc:WV
"Triple P Meats, LLC",Tunnelton,WV,568-2352,,assoc:WV
"Warehouse Kids, LLC dba Healthy Kinds, Inc.",Morgantown,WV,549-4660,,assoc:WV
Wayne's Country Fresh Meats,Romney,WV,822-3693,,assoc:WV
WVU Div. of Animal Nutritional Science Muscle Foods Lab,Morgantown,WV,293-1896,,assoc:WV
307 Meat Company,Laramie,WY,307-343-9001,,assoc:WY
307 Meat Processing/Pat's Meat,Mills,WY,307-237-7549,,assoc:WY
307 Processing and Sausage,Byron,WY,307-548-6666,,assoc:WY
Basin Processing,Basin,WY,307-568-2234,,assoc:WY
Bear Mountain Beef,Hawk Springs,WY,307-575-2751,,assoc:WY
Big Horn Meat Cutting,Buffalo,WY,307-684-5387,,assoc:WY
Bovine and Swine,Jackson,WY,307-734-0201,,assoc:WY
C&A Meats,Sundance,WY,307-283-2505,,assoc:WY
Central Wyoming College,Riverton,WY,,cwc.edu,assoc:MT
Chug Springs Butchery,Chugwater,WY,307-365-4338,,assoc:WY
Country Style Processing,Glenrock,WY,307-436-5439,,assoc:WY
Cowboy State Custom Meats,Casper,WY,307-265-4744,,assoc:WY
Dan's Meat Processing,Evansville,WY,307-235-3157,,assoc:WY
Double L Meat Processing,Sheridan,WY,307-750-2584,,assoc:WY
FBS Hudson,Hudson,WY,307-332-2975,,assoc:WY
Genuine Meats LLC,Riverton,WY,307-855-5157,,assoc:WY
H's Custom Cuts,Wheatland,WY,,hscustomcutswy.com,assoc:MT
Henderson Meat,Urie,WY,307-786-4577,,assoc:WY
High Country Meats,Mountain View,WY,307-782-7284,,assoc:WY
Home on the Range,Cheyenne,WY,307-778-8036,,assoc:WY
Hy Country Meat Processing,Riverton,WY,307-797-4469,,assoc:WY
K Bar J Meats,Burns,WY,307-630-1273,,assoc:WY
Koehler Custom Processing,Gillette,WY,307-682-7673,,assoc:WY
Kompac Meat Processing,Mills,WY,307-234-2626,,assoc:WY
Lockhart Meat Company,Jackson,WY,307-264-1799,,assoc:WY
Merrill Meat Co.,Encampment,WY,307-327-5345,,assoc:WY
Off the Hook,Torrington,WY,307-338-5067,,assoc:WY
Paintrock Processing,Hyattville,WY,,paintrockprocessing.com,assoc:MT
Purcella's Meat Processing,Buffalo,WY,307-278-0800,,assoc:WY
R&B Processing,Green River,WY,307-875-2556,,assoc:WY
Riverton Packing,Riverton,WY,307-851-6723,,assoc:WY
Roger's Meat Processing,Powell,WY,307-754-2577,,assoc:WY
Sackett's Market,Sheridan,WY,,sackettsmarket.com,assoc:MT
Snake River Processing,Baggs,WY,307-383-6142,,assoc:WY
Star Valley Meat Block,Thayne,WY,307-883-2397,,assoc:WY
The Butcher Block,Laramie,WY,307-745-4534,,assoc:WY
Tom's Wild Game Processing,Douglas,WY,307-358-4377,,assoc:WY
UW Meat Lab,Laramie,WY,307-766-4163,,assoc:WY
Valley Meat Company,Dayton,WY,307-655-2551,,assoc:WY
Wapiti Valley Meats,Wapiti,WY,307-578-7102,,assoc:WY
Western Heritage Meat Company,Sheridan,WY,,westernheritagemeatco.com,assoc:MT
Western Heritage Meats,Sheridan,WY,800-674-3722,,assoc:WY
Wyoming Legacy Meats,Cody,WY,307-587-5827,,assoc:WY
Wyoming Ranch Foods,Torrington,WY,307-575-7501,,assoc:WY
Wyoming Wild Meats,Lyman,WY,307-787-6328,,assoc:WY
