source,source_id,role,business_name,contact_name,phone,email,website,street,city,state,zip,address_full,services,inspection_status,usda_establishment_number,source_url,lat,lng,geocode_source
MAMP,mamp-564,processor,2ND AVE SAUSAGE COMPANY,Jon Christensen,(507) 273-0187,,,,Kasson,MN,55944,"Kasson, MN 55944",,,,https://www.mamponline.com/membership/directory/,43.989517,-92.718008,zip-centroid
MAMP,mamp-565,processor,3 HMONG SAUSAGE,Sophia Herr,(651) 307-2901,,,1214 Thomas Ave W,St. Paul,MN,55104,"1214 Thomas Ave W St. Paul, MN 55104","Retail , Wholesale",,,https://www.mamponline.com/membership/directory/,44.95927444327,-93.151469521077,census-approx
MAMP,mamp-566,processor,AL'S BUTCHERS BLEND,Al Ousley,(218) 346-4015,,,43920 Fort Thunder Rd,Perham,MN,56573,"43920 Fort Thunder Rd Perham, MN 56573",Custom,,,https://www.mamponline.com/membership/directory/,46.610235,-95.542244,zip-centroid
MAMP,mamp-569,processor,B & E MEATS,Brent Epema,(218) 289-0916,,,332 crescent ave,Crookston,MN,56716,"332 crescent ave Crookston, MN 56716","Deer , Retail",,,https://www.mamponline.com/membership/directory/,47.763363478731,-96.603015583122,census-exact
MAMP,mamp-1637,processor,B & T Meats,,218-849-8684,,https://www.btmeats.com/home,3145 US-59,Waubun,MN,56589,"3145 US-59 Waubun, Minnesota 56589",,,,https://www.mamponline.com/membership/directory/,47.180937855181,-95.933192899943,census-exact
MAMP,mamp-1731,processor,BEAR COUNTRY MEATS LLC,Jon Hanenberger,(507) 951-6535,,,2136 19th Ave NW,Kasson,MN,55944,"2136 19th Ave NW Kasson, MN 55944",Custom,,,https://www.mamponline.com/membership/directory/,44.055452614078,-92.678102541807,census-exact
MAMP,mamp-571,processor,BEMIDJI DOWNTOWN MEATS,Dustin Merseth,(218) 751-5011,,,207 America Ave. N.W.,Bemidji,MN,56601,"207 America Ave. N.W. Bemidji, MN 56601","Custom , Deer , Retail",,,https://www.mamponline.com/membership/directory/,47.469571530913,-94.884326663751,census-exact
MAMP,mamp-574,processor,BIG STEER MEATS,Charles Cory,(651) 738-3636,,,1766 E Minnehaha Ave E,St Paul,MN,55106,"1766 E Minnehaha Ave E St Paul, MN 55106","Catering , Private Label , Retail , Wholesale",,,https://www.mamponline.com/membership/directory/,44.963027726717,-93.025895587798,census-approx
MAMP,mamp-575,processor,BLONDIES BUTCHER SHOP,Lindsey Fulton,(507) 824-2279,,,95 N. Main St.,Wanamingo,MN,55983,"95 N. Main St. Wanamingo, MN 55983","Catering , Custom , Retail",,,https://www.mamponline.com/membership/directory/,44.30530287411,-92.790688308442,census-approx
MAMP,mamp-576,processor,BLUE EARTH LOCKER,Zac Walters,(507) 382-1440,,,11719 169,Amboy,MN,56010,"11719 US HWY 169 Amboy, MN 56010","Custom , Retail",,,https://www.mamponline.com/membership/directory/,43.893243881217,-94.173050238066,census-approx
MAMP,mamp-577,processor,BORCHERT'S MEAT MARKET,Dave Borchert,(651) 777-9133,,,1344 Frost Avenue,Maplewood,MN,55109,"1344 Frost Avenue Maplewood, MN 55109",Retail,,,https://www.mamponline.com/membership/directory/,44.999186014941,-93.043854630359,census-exact
MAMP,mamp-1640,processor,BUTCHER BLOCK MEATS,,701-809-8458,,https://www.butcherblockmeatsllc.com/,214 15th St NE,Dilworth,MN,56529,"214 15th St NE Dilworth, MN 56529",,,,https://www.mamponline.com/membership/directory/,46.878919,-96.696187,zip-centroid
MAMP,mamp-1643,processor,CALLAHAN MEATS,,701-306-6636,,https://callahanmeats.com/,12595 160th Ave S,Barnesville,MN,56514,"12595 160th Ave S Barnesville, MN 56514",,,,https://www.mamponline.com/membership/directory/,46.659585889877,-96.534384098504,census-exact
MAMP,mamp-1646,processor,CANBY MEAT CENTER,,507-223-5292,,https://canbymeatcenter.com/,125 Saint Olaf Ave N,Canby,MN,56220,"125 Saint Olaf Ave N Canby, MN 56220",,,,https://www.mamponline.com/membership/directory/,44.708903946153,-96.276108543909,census-exact
MAMP,mamp-578,processor,CARLSON MEAT SHOP,Joel Inselmann,(320) 857-2261,,,32109 24,Kimball,MN,55353,"32109 HWY 24 Kimball, MN 55353","Custom , Retail",,,https://www.mamponline.com/membership/directory/,45.329098,-94.324629,zip-centroid
MAMP,mamp-581,processor,CHRIS FOOD CENTER,Fred Johnson,(320) 245-2229,,,320 123,Sandstone,MN,55072,"320 Hwy 123 Sandstone, MN 55072","Custom , Retail",,,https://www.mamponline.com/membership/directory/,46.142704,-92.584273,zip-centroid
MAMP,mamp-582,processor,CITY MEAT MARKET,Andrew Dammann,(320) 328-4411,,,106 4th Ave. N.,Brownton,MN,55312,"106 4th Ave. N. Brownton, MN 55312","Custom , Retail",,,https://www.mamponline.com/membership/directory/,44.732191193902,-94.352122629335,census-exact
MAMP,mamp-583,processor,CLEAN CHICKENS AND CO LLC,Rebecca Wierschke,(218) 308-1752,,,19227 Yale Street Northwest,Elk River,MN,55330,"19227 Yale Street Northwest Elk River, MN 55330",Custom,,,https://www.mamponline.com/membership/directory/,45.320328983627,-93.549494204134,census-exact
MAMP,mamp-585,processor,CONGER MEAT MARKET,Jeremy Johnson,(507) 265-3340,,,100 William Ave.,Conger,MN,56020,"100 William Ave. Conger, MN 56020","Custom , Deer , Online Sales , Private Label , Retail , Wholesale",,,https://www.mamponline.com/membership/directory/,43.614194420245,-93.531086975557,census-exact
MAMP,mamp-586,processor,COUNTRY BUTCHER SHOP,Joel Sonnek,(507) 525-1851,,,15623 480th Ave.,Easton,MN,56025,"15623 480th Ave. Easton, MN 56025","Custom , Retail",,,https://www.mamponline.com/membership/directory/,43.708813921687,-93.907488998289,census-exact
MAMP,mamp-587,processor,D&T'S MEAT MARKET,Clint Soleta,(507) 825-3914,,,220 2nd St. NW,Pipestone,MN,56164,"220 2nd St. NW Pipestone, MN 56164","Custom , Deer , Retail",,,https://www.mamponline.com/membership/directory/,44.001362984479,-96.319482754485,census-exact
MAMP,mamp-588,processor,DEHMER'S MEATS INC.,Tony Dehmer,(763) 497-2455,,,401 Central Ave E,St. Michael,MN,55376,"401 Central Ave E St. Michael, MN 55376","Catering , Custom , Deer , Retail",,,https://www.mamponline.com/membership/directory/,45.209922490139,-93.656583423093,census-exact
MAMP,mamp-589,processor,DENNISON MEAT LOCKER LLC,Dori Gregory,(507) 645-8734,,,109 Farm Rd,Dennison,MN,55018,"109 Farm Rd Dennison, MN 55018","Custom , Deer , Retail",,,https://www.mamponline.com/membership/directory/,44.414834,-92.984184,zip-centroid
MAMP,mamp-590,processor,DOMBROVSKI MEAT CO,Pat Dombrovski,(320) 968-6275,,,425 Dewey St.,Foley,MN,56329,"425 Dewey St. Foley, MN 56329",Wholesale,,,https://www.mamponline.com/membership/directory/,45.664615423952,-93.910501707741,census-exact
MAMP,mamp-1649,processor,DOUBLE D's CUSTOM PROCESSING,,218-928-8150,,,35878 422nd Place,Aitkin,MN,56431,"35878 422nd Place Aitkin, MN 56431",,,,https://www.mamponline.com/membership/directory/,46.531116757861,-93.734200714332,census-exact
MAMP,mamp-593,processor,ELLSWORTH LOCKER,Brian & Kathy Chapa,(507) 967-2544,,,317 S. Broadway st.,Ellsworth,MN,56129,"317 S. Broadway st. Ellsworth, MN 56129","Custom , Deer , Retail",,,https://www.mamponline.com/membership/directory/,43.518050466282,-96.018288394243,census-exact
MAMP,mamp-596,processor,FRABONI SAUSAGE CO,Don Johnson,(218) 208-2699,,,1202 13th Ave,E. Hibbing,MN,55746,"1202 13th Ave E. Hibbing, MN 55746","Custom , Online Sales , Retail , Wholesale",,,https://www.mamponline.com/membership/directory/,47.436656767148,-92.925877507633,census-approx
MAMP,mamp-598,processor,FRENCH LAKE BUTCHER SHOP,Randy & Kim Werner,(320) 286-5345,,,17497 37 NW,South Haven,MN,55382,"17497 County Rd 37 NW South Haven, MN 55382","Custom , Deer , Retail",,,https://www.mamponline.com/membership/directory/,45.300423,-94.199089,zip-centroid
MAMP,mamp-599,processor,GARFIELD PROCESSING,Richard Waldorf,(320) 834-3144,,,7236 82 NW,Garfield,MN,56332,"7236 County. Rd. 82 NW Garfield, MN 56332","Custom , Retail",,,https://www.mamponline.com/membership/directory/,45.967416,-95.506404,zip-centroid
MAMP,mamp-1651,processor,GLENCOE PORK CO.,,320-300-7975,,https://www.glencoeporkco.com/,3413 11th St,E Glencoe,MN,55336,"3413 11th St E Glencoe, MN 55336",,,,https://www.mamponline.com/membership/directory/,44.765194,-94.190404,zip-centroid
MAMP,mamp-600,processor,GRAND CHAMPION/FOLEY LOCKER,Kelly Gall,(320) 968-7267,,,6634 25 NE,Foley,MN,56329,"6634 HWY 25 NE Foley, MN 56329","Custom , Deer , Retail",,,https://www.mamponline.com/membership/directory/,45.709067,-93.914815,zip-centroid
MAMP,mamp-667,processor,GRAND MEADOW MEATS,Darlene Gruber,(320) 290-1350,,,105 Pine St.,Clearwater,MN,55320,"105 Pine St. Clearwater, MN 55320","Custom , Deer , Retail",,,https://www.mamponline.com/membership/directory/,45.417953423679,-94.046612746136,census-exact
MAMP,mamp-601,processor,GREELEY SMOKE HAUS AND MEATS,Bill Cort,(651) 261-8639,,,1677 Greeley Rd.,Braham,MN,55006,"1677 Greeley Rd. Braham, MN 55006","Deer , Online Sales , Retail",,,https://www.mamponline.com/membership/directory/,45.741456598734,-93.064016134125,census-exact
MAMP,mamp-603,processor,GREG'S MEAT PROCESSING,Greg & Sharon Endres,(507) 263-3373,,,6028 250th St.,Hampton,MN,55031,"6028 250th St. Hampton, MN 55031","Catering , Custom , Retail , Wholesale",,,https://www.mamponline.com/membership/directory/,44.586654748918,-92.982629175722,census-approx
MAMP,mamp-605,processor,HACKENMUELLER MEATS INC,Gordy Lindenfelser,(763) 537-4811,,,4159 W. Broadway,Robbinsdale,MN,55422,"4159 W. Broadway Robbinsdale, MN 55422",Retail,,,https://www.mamponline.com/membership/directory/,45.030748954472,-93.338836999607,census-approx
MAMP,mamp-1653,processor,HOMESTEAD BUTCHERING,,320-212-4722,,,48295 370th St,Sauk Centre,MN,56378,"48295 370th St Sauk Centre, MN 56378",,,,https://www.mamponline.com/membership/directory/,45.657592778402,-95.114711226928,census-exact
MAMP,mamp-609,processor,HUETTLS MEATS,H. James Huettl,(651) 345-3424,,,1903 N. Lakeshore Dr.,Lake City,MN,55041,"1903 N. Lakeshore Dr. Lake City, MN 55041","Deer , Retail",,,https://www.mamponline.com/membership/directory/,44.46403416917,-92.288311984839,census-exact
MAMP,mamp-610,processor,JENNIGES MEAT PROCESSING,Angela Jenniges,(320) 346-2414,,,131 Pleasant Ave N,Brooten,MN,56316,"131 Pleasant Ave N Brooten, MN 56316","Custom , Deer",,,https://www.mamponline.com/membership/directory/,45.501153026975,-95.123257428126,census-exact
MAMP,mamp-611,processor,K&S POULTRY AND MEATS,Klinton VanHeuveln,(320) 368-0112,,,1000 175th Ave SE,Kerkhoven,MN,56252,"1000 175th Ave SE Kerkhoven, MN 56252",Custom,,,https://www.mamponline.com/membership/directory/,45.183524892013,-95.25714710255,census-exact
MAMP,mamp-612,processor,KENYON MEATS,Dan Thomas,(507) 789-5417,,,116 Spring St,Kenyon,MN,55946,"116 Spring St Kenyon, MN 55946","Custom , Retail",,,https://www.mamponline.com/membership/directory/,44.272898031271,-92.988949964934,census-exact
MAMP,mamp-613,processor,KLINDER PROCESSING,Grant Bettermann,(320) 852-7742,,,11515 Klinder Lane NE,Carlos,MN,56319,"11515 Klinder Lane NE Carlos, MN 56319","Custom , Deer",,,https://www.mamponline.com/membership/directory/,46.004309221506,-95.227585887304,census-approx
MAMP,mamp-1655,processor,KONETZKO'S MEAT MARKET,,320-594-2915,,,516 Main St S,Browerville,MN,56438,"516 Main St S Browerville, MN 56438",,,,https://www.mamponline.com/membership/directory/,46.084468939906,-94.867328209655,census-exact
MAMP,mamp-615,processor,KRENIK'S MEAT PROCESSING,James Krenik,(507) 364-5154,,,10780 130th St,West Montgomery,MN,56069,"10780 130th St West Montgomery, MN 56069","Custom , Retail",,,https://www.mamponline.com/membership/directory/,44.399241527649,-93.479782346831,census-approx
MAMP,mamp-616,processor,LAKES AREA COOP./PERHAM LOCKER,Joe Roggenkamp,(218) 346-6245,,,346 E Main St,Perham,MN,56573,"346 E Main St Perham, MN 56573","Custom , Retail",,,https://www.mamponline.com/membership/directory/,46.592531729711,-95.57001338716,census-exact
MAMP,mamp-617,processor,LAKES PROCESSING,Sarah Bachmann,(218) 849-1802,,,18776 59,Detroit Lakes,MN,56501,"18776 US Highway 59 Detroit Lakes, MN 56501","Custom , Deer , Retail",,,https://www.mamponline.com/membership/directory/,46.844183639841,-95.862711318122,census-approx
MAMP,mamp-1657,processor,LAPORTE GROCERY & MEATS,,218-224-2202,,https://laportegroceryandmeats.com/,20 Main St,E Laporte,MN,56461,"20 Main St E Laporte, Minnesota 56461",,,,https://www.mamponline.com/membership/directory/,47.214420196734,-94.752363089936,census-approx
MAMP,mamp-618,processor,LEE'S LOCKER,Lee Henning,(507) 472-8525,,,170 S. 3rd Avenue,Lismore,MN,56155,"170 S. 3rd Avenue Lismore, MN 56155","Custom , Deer , Retail",,,https://www.mamponline.com/membership/directory/,43.749168404973,-95.947582908598,census-exact
MAMP,mamp-620,processor,LORENTZ MEATS,Rob & Mike Lorentz,(507) 263-3617,,,705 Cannon Industrial Blvd,Cannon Falls,MN,55009,"705 Cannon Industrial Blvd Cannon Falls, MN 55009","Private Label , Wholesale",,,https://www.mamponline.com/membership/directory/,44.541148804628,-92.911548674085,census-exact
MAMP,mamp-1659,processor,LOWRY HILL PROVISIONS,,612-978-4112,,https://www.lowryhillprovisions.com/,1401 Marshall St NE,Minneapolis,MN,55413,"1401 Marshall St NE Minneapolis, MN 55413",,,,https://www.mamponline.com/membership/directory/,45.001265855918,-93.270825930052,census-exact
MAMP,mamp-621,processor,MACKENTHUNS FINE FOODS,Kimberly Deering,(952) 442-5771,,,851 Marketplace Dr.,Waconia,MN,55387,"851 Marketplace Dr. Waconia, MN 55387",Retail,,,https://www.mamponline.com/membership/directory/,44.835856026358,-93.802980390017,census-exact
MAMP,mamp-622,processor,MAIN STREET MEATS,Jeff Berndt,(218) 732-1416,,,416 Main Ave S,Park Rapids,MN,56470,"416 Main Ave S Park Rapids, MN 56470","Catering , Custom , Retail",,,https://www.mamponline.com/membership/directory/,46.918774748846,-95.059896568645,census-exact
MAMP,mamp-623,processor,MANEA'S MEAT COMPANY,Alina Manea,(320) 253-8683,,,114 2nd Ave N,Sauk Rapids,MN,56379,"114 2nd Ave N Sauk Rapids, MN 56379",Retail,,,https://www.mamponline.com/membership/directory/,45.590696754498,-94.166183816813,census-exact
MAMP,mamp-624,processor,"McDONALD'S MEATS, INC.",Jennifer Dierkes,(320) 743-2311,,,8601 Main Ave.,Clear Lake,MN,55319,"8601 Main Ave. Clear Lake, MN 55319","Custom , Private Label , Retail , Wholesale",,,https://www.mamponline.com/membership/directory/,45.444430327036,-93.999278911182,census-exact
MAMP,mamp-625,processor,"MICHAEL'S MEATS, INC.",Brian Holmer,(218) 681-3140,,,224 Alantic Ave N,Thief River Falls,MN,56701,"224 Alantic Ave N Thief River Falls, MN 56701","Custom , Retail",,,https://www.mamponline.com/membership/directory/,48.118455314185,-96.176771000204,census-approx
MAMP,mamp-1661,processor,MIDWEST FOOD AND MEAT DISTRIBUTOR,,516-398-1553,,,5501 Opportunity Court,Minnetonka,MN,55417,"5501 Opportunity Court Minnetonka, MN 55417",,,,https://www.mamponline.com/membership/directory/,44.903435178932,-93.403934231275,census-approx
MAMP,mamp-626,processor,MILLS LOCKER PLANT,Whitman Briard,(218) 385-2875,,,104 E. Centennial 84 Dr.,New York Mills,MN,56567,"104 E. Centennial 84 Dr. New York Mills, MN 56567","Custom , Retail",,,https://www.mamponline.com/membership/directory/,46.517417806684,-95.374420876444,census-exact
MAMP,mamp-627,processor,MILTONA CUSTOM MEATS,Kristy Brackett,(218) 943-2681,,,242 2nd Ave.,West Miltona,MN,56354,"242 2nd Ave. West Miltona, MN 56354","Custom , Deer , Retail",,,https://www.mamponline.com/membership/directory/,46.047265210133,-95.297771514424,census-approx
MAMP,mamp-1663,processor,MINNESOTA MEATS & MARKETS,,320-352-6490,,,411 Sinclair Lewis Ave,Sauk Centre,MN,56378,"411 Sinclair Lewis Ave Sauk Centre, MN 56378",,,,https://www.mamponline.com/membership/directory/,45.737070723707,-94.950596208384,census-exact
MAMP,mamp-629,processor,MINNEWASKA MEATS,Eric Jensen,(320) 634-3143,,,11 SW First Ave.,Glenwood,MN,56334,"11 SW First Ave. Glenwood, MN 56334","Catering , Custom , Deer , Retail",,,https://www.mamponline.com/membership/directory/,45.649266768316,-95.390256704659,census-approx
MAMP,mamp-1665,processor,MOBILE MEATS,,507-213-2071,,,,New Prague,MN,56071,"New Prague, MN 56071",,,,https://www.mamponline.com/membership/directory/,44.534971,-93.579431,zip-centroid
MAMP,mamp-630,processor,"NEIGHBORS MEATS, LLC",Dan Lewer,(507) 465-3888,,,202 Ash Ave. S.,New Richland,MN,56072,"202 Ash Ave. S. New Richland, MN 56072","Custom , Retail",,,https://www.mamponline.com/membership/directory/,43.892716292956,-93.49534961227,census-exact
MAMP,mamp-631,processor,NERSTRAND MEATS & CATERING,Mitch Ruchinka,(507) 334-5396,,,231 Main St,Nerstrand,MN,55053,"231 Main St Nerstrand, MN 55053","Catering , Custom , Retail",,,https://www.mamponline.com/membership/directory/,44.341800791139,-93.068320030548,census-exact
MAMP,mamp-633,processor,NICK'S MEATS,Ryan Brandt,(507) 373-8966,,,103 W. Front St.,Hayward,MN,56043,"103 W. Front St. Hayward, MN 56043","Custom , Retail",,,https://www.mamponline.com/membership/directory/,43.650165531557,-93.244351654093,census-exact
MAMP,mamp-634,processor,NORTH FORK CUSTOM MEATS LLC,Neal E. Wisch,(320) 543-2285,,,704 6th St,Howard Lake,MN,55349,"704 6th St Howard Lake, MN 55349","Custom , Retail",,,https://www.mamponline.com/membership/directory/,45.060729755412,-94.069041270379,census-exact
MAMP,mamp-637,processor,ODENTHAL MEATS INC.,Randy or Laura Odenthal,(507) 364-8040,,,18189 320th St,New Prague,MN,56071,"18189 320th St New Prague, MN 56071","Custom , Deer , Retail , Wholesale",,,https://www.mamponline.com/membership/directory/,44.485971808139,-93.628325715752,census-exact
MAMP,mamp-636,processor,ODY'S COUNTRY MEATS,Cody Koebke,(507) 346-2579,,,17643 121st Ave.,Spring Valley,MN,55975,"17643 121st Ave. Spring Valley, MN 55975","Catering , Custom , Retail",,,https://www.mamponline.com/membership/directory/,43.608736094099,-92.40946071529,census-exact
MAMP,mamp-638,processor,ORTY'S CUSTOM MEATS,Brian Ortloff,(218) 246-9922,,,31136 Co Rd 161,Deer River,MN,56636,"31136 Co Rd 161 Deer River, MN 56636","Custom , Deer , Retail",,,https://www.mamponline.com/membership/directory/,47.328582531733,-93.765571529402,census-exact
MAMP,mamp-639,processor,OWEN LOCKER PLANT,Rusty Jackson,(507) 356-8612,,,110 2nd St.NE Suite 200,Pine Island,MN,55963,"110 2nd St.NE Suite 200 Pine Island, MN 55963","Custom , Deer",,,https://www.mamponline.com/membership/directory/,44.205274736484,-92.646009635869,census-exact
MAMP,mamp-642,processor,PAUL & KATHY'S GROCERY,Paul Koetter,(320) 573-5050,,,129 N. Main St.,Upsala,MN,56384,"129 N. Main St. Upsala, MN 56384","Custom , Deer , Retail",,,https://www.mamponline.com/membership/directory/,45.810753685634,-94.571441557716,census-exact
MAMP,mamp-643,processor,PEP'S PORK,Scott Poepping,(320) 987-3368,,,29769 325TH Ave,Melrose,MN,56352,"29769 325TH Ave Melrose, MN 56352","Custom , Deer , Retail",,,https://www.mamponline.com/membership/directory/,45.55418186012,-94.787677740935,census-exact
MAMP,mamp-644,processor,"PETE'S MEATS & PROCESSING, INC.",Adam Franzen,(507) 523-2524,,,110 E. Main St.,Lewiston,MN,55952,"110 E. Main St. Lewiston, MN 55952","Custom , Deer , Retail",,,https://www.mamponline.com/membership/directory/,43.984300356408,-91.867048399737,census-approx
MAMP,mamp-645,processor,PETTY BROTHERS MEAT INC,Bob Petty,(320) 274-5615,,,320 Elm St,E Annandale,MN,55302,"320 Elm St E Annandale, MN 55302","Custom , Deer , Retail , Wholesale",,,https://www.mamponline.com/membership/directory/,45.259481704881,-94.119261763188,census-approx
MAMP,mamp-646,processor,PLANTENBERG'S MARKET INC.,Kyle Plantenberg,(320) 597-3620,,,36 Main St,W Richmond,MN,56368,"36 Main St W Richmond, MN 56368","Custom , Deer , Retail",,,https://www.mamponline.com/membership/directory/,45.454840715535,-94.521348144888,census-approx
MAMP,mamp-649,processor,RIEDER MEAT MARKET,Laurence Rieder,(763) 972-2261,,,150 River St.,Delano,MN,55328,"150 River St. Delano, MN 55328","Custom , Deer , Retail",,,https://www.mamponline.com/membership/directory/,45.033416,-93.813687,zip-centroid
MAMP,mamp-2052,processor,RIVERSIDE MEATS AND PROCESSING,Josh Johnson,320-547-0046,,,33850 210th St,Culdrum Township,MN,56382,"33850 210th St Culdrum Township, Minnesota 56382","Custom , Deer",,,https://www.mamponline.com/membership/directory/,45.933096346973,-94.663004085716,census-approx
MAMP,mamp-651,processor,ROELOFS MEATS INC.,Travis Roelofs,(320) 967-4276,,,310 Spicer Ave N,Raymond,MN,56282,"310 Spicer Ave N Raymond, MN 56282",Custom,,,https://www.mamponline.com/membership/directory/,45.016755616058,-95.23971564589,census-exact
MAMP,mamp-653,processor,SCHMIDT'S MEAT MARKET INC.,Ryan Schmidt,(507) 232-3438,,,319 Pine St.,Nicollet,MN,56074,"319 Pine St. Nicollet, MN 56074","Custom , Deer , Retail",,,https://www.mamponline.com/membership/directory/,44.275801347767,-94.187724100061,census-exact
MAMP,mamp-654,processor,SCHNEIDER CUSTOM MEATS,Steve Schneider,(612) 968-7280,,,73741 Jensen Rd,Askov,MN,55704,"73741 Jensen Rd Askov, MN 55704","Custom , Deer",,,https://www.mamponline.com/membership/directory/,46.26451509665,-92.78264215959,census-exact
MAMP,mamp-656,processor,SCHRUPPS MEAT & SEAFOOD,Barry Gottwald,(320) 243-3793,,,216 W. James St.,Paynesville,MN,56362,"216 W. James St. Paynesville, MN 56362","Custom , Deer , Retail",,,https://www.mamponline.com/membership/directory/,45.382193404304,-94.7160746745,census-approx
MAMP,mamp-657,processor,SCOT KUESTER,Scot Kuester,(507) 276-8679,,,,Winthrop,MN,55396,"Winthrop, MN 55396",,,,https://www.mamponline.com/membership/directory/,44.544829,-94.3669,zip-centroid
MAMP,mamp-658,processor,SOUTH FORTY MEAT MARKET,Rich Fiene,(507) 747-3222,,,103 Main St.,Lucan,MN,56255,"103 Main St. Lucan, MN 56255","Custom , Retail",,,https://www.mamponline.com/membership/directory/,44.389516,-95.420958,zip-centroid
MAMP,mamp-659,processor,ST. JOSEPH MEAT MARKET INC.,Harvey Pfannenstein,(320) 363-4913,,,26 1st Ave. NW,St. Joseph,MN,56374,"26 1st Ave. NW St. Joseph, MN 56374","Custom , Deer , Retail , Wholesale",,,https://www.mamponline.com/membership/directory/,45.565206406238,-94.320037868255,census-exact
MAMP,mamp-660,processor,STEVE'S MEAT MARKET INC.,Rachael Lee,(507) 684-2331,,,210 5th Ave.,Ellendale,MN,56026,"210 5th Ave. Ellendale, MN 56026","Custom , Deer , Retail , Wholesale",,,https://www.mamponline.com/membership/directory/,43.873051468531,-93.301098788735,census-approx
MAMP,mamp-661,processor,STINSONS' COUNTRY STYLE MEATS,Michelle Stinson,(507) 896-2111,,,402 W. Cedar St.,Houston,MN,55943,"402 W. Cedar St. Houston, MN 55943","Custom , Retail",,,https://www.mamponline.com/membership/directory/,43.763236449944,-91.564438265035,census-approx
MAMP,mamp-662,processor,STOKKE'S MEATS,Jon Vanderscheuren,(218) 729-7156,,,4019 Canosia Rd,Cloquet,MN,55720,"4019 Canosia Rd Cloquet, MN 55720","Deer , Retail",,,https://www.mamponline.com/membership/directory/,46.802318375856,-92.364706358144,census-exact
MAMP,mamp-663,processor,THE BBQ SMOKEHOUSE,Tyler Ehrmantraut,(218) 632-6666,,,,Motley,MN,56466,"Motley, MN 56466","Catering , Retail",,,https://www.mamponline.com/membership/directory/,46.436002,-94.624955,zip-centroid
MAMP,mamp-1667,processor,THE BUTCHER BLOCK,,320-224-8553,,,68101 195th St,Darwin,MN,55324,"68101 195th St Darwin, MN 55324",,,,https://www.mamponline.com/membership/directory/,45.030876562348,-94.397963960022,census-exact
MAMP,mamp-664,processor,THE BUTCHERY OF MAPLE LAKE,Doug Lindenfelser,(320) 963-6677,,,308 55 W.,Maple Lake,MN,55358,"308 Hwy. 55 W. Maple Lake, MN 55358","Catering , Custom , Retail",,,https://www.mamponline.com/membership/directory/,45.244875,-93.997675,zip-centroid
MAMP,mamp-665,processor,THIELEN MEATS OF L. F.,Jessica Thielen,(320) 632-2821,,,300 13th St NE,Little Falls,MN,56345,"300 13th St NE Little Falls, MN 56345","Custom , Deer , Retail",,,https://www.mamponline.com/membership/directory/,45.976805277396,-94.342114784964,census-exact
MAMP,mamp-668,processor,TIKE'S TROPHY SAUSAGE,Tike Sutherland,(218) 259-9202,,,20523 Co. Rd. 459,Cohasset,MN,55721,"20523 Co. Rd. 459 Cohasset, MN 55721","Custom , Deer , Retail , Wholesale",,,https://www.mamponline.com/membership/directory/,47.17513922019,-93.661248306632,census-exact
MAMP,mamp-670,processor,V & M LOCKER & GROCERY,Chad Ruiter,(507) 443-5372,,,11670 110th St.,Leota,MN,56153,"11670 110th St. Leota, MN 56153","Custom , Deer , Retail",,,https://www.mamponline.com/membership/directory/,43.826383,-96.024232,zip-centroid
MAMP,mamp-669,processor,VON HANSON'S MEATS,Tony VonBank,(952) 431-2807,,,14540 Pennock Ave. STE 105,Apple Valley,MN,55124,"14540 Pennock Ave. STE 105 Apple Valley, MN 55124","Deer , Online Sales , Retail",,,https://www.mamponline.com/membership/directory/,44.738174898731,-93.222735920576,census-exact
MAMP,mamp-671,processor,WASECA MORGANS MEAT MARKET,Dean Morgan,(507) 835-1970,,,1100 2nd St NW,Waseca,MN,56093,"1100 2nd St NW Waseca, MN 56093","Custom , Deer , Retail",,,https://www.mamponline.com/membership/directory/,44.088452885412,-93.508845989026,census-exact
MAMP,mamp-672,processor,WICK'S MEAT SHOPPE,Cody & Jessica Madsen,(320) 382-6195,,,209 N. 4th St.,Kandiyohi,MN,56251,"209 N. 4th St. Kandiyohi, MN 56251","Custom , Deer , Retail",,,https://www.mamponline.com/membership/directory/,45.143721,-94.920174,zip-centroid
MAMP,mamp-487,supplier,"A.C. LEGG, INC.",,,,,,,,,,,,,https://www.mamponline.com/membership/directory/,,,
MAMP,mamp-488,supplier,"ALS FOOD SAFETY, LLC.",,,,,,,,,,,,,https://www.mamponline.com/membership/directory/,,,
MAMP,mamp-489,supplier,"ANDERSON PRODUCE, INC.",,,,,,,,,,,,,https://www.mamponline.com/membership/directory/,,,
MAMP,mamp-490,supplier,BISON FOOD EQUIPMENT SERVICE INC.,,,,,,,,,,,,,https://www.mamponline.com/membership/directory/,,,
MAMP,mamp-491,supplier,BRITZ STORE EQUIPMENT,,,,,,,,,,,,,https://www.mamponline.com/membership/directory/,,,
MAMP,mamp-492,supplier,BUNZL PROCESSOR DIVISION,,,,,,,,,,,,,https://www.mamponline.com/membership/directory/,,,
MAMP,mamp-493,supplier,CARLSON & STEWART REFRIGERATION,,,,,,,,,,,,,https://www.mamponline.com/membership/directory/,,,
MAMP,mamp-494,supplier,CENTRAL BI-PRODUCTS,,,,,,,,,,,,,https://www.mamponline.com/membership/directory/,,,
MAMP,mamp-495,supplier,COMBICUTINC,,,,,,,,,,,,,https://www.mamponline.com/membership/directory/,,,
MAMP,mamp-496,supplier,CON YEAGER SPICE,,,,,,,,,,,,,https://www.mamponline.com/membership/directory/,,,
MAMP,mamp-497,supplier,COTTCO SPECIALTY HARDWARE,,,,,,,,,,,,,https://www.mamponline.com/membership/directory/,,,
MAMP,mamp-498,supplier,CUSTOM MEAT SOLUTIONS,,,,,,,,,,,,,https://www.mamponline.com/membership/directory/,,,
MAMP,mamp-499,supplier,DACOTAH PAPER CO,,,,,,,,,,,,,https://www.mamponline.com/membership/directory/,,,
MAMP,mamp-500,supplier,DANIEL'S FOOD EQUIPMENT,,,,,,,,,,,,,https://www.mamponline.com/membership/directory/,,,
MAMP,mamp-501,supplier,DARLING INGREDIENTS,,,,,,,,,,,,,https://www.mamponline.com/membership/directory/,,,
MAMP,mamp-502,supplier,DJV LABEL,,,,,,,,,,,,,https://www.mamponline.com/membership/directory/,,,
MAMP,mamp-503,supplier,"DM & P SUPPLIES, INC.",,,,,,,,,,,,,https://www.mamponline.com/membership/directory/,,,
MAMP,mamp-504,supplier,ENVIRO-PAK,,,,,,,,,,,,,https://www.mamponline.com/membership/directory/,,,
MAMP,mamp-505,supplier,EPS - NOWICKI USA,,,,,,,,,,,,,https://www.mamponline.com/membership/directory/,,,
MAMP,mamp-506,supplier,EXCALIBUR SEASONING,,,,,,,,,,,,,https://www.mamponline.com/membership/directory/,,,
IMPA,impa-1,processor,Al's Country Meat Locker,,(563) 380-4015,,,2420 200th St,Calmar,IA,52132,"2420 200th St, Calmar, IA 52132",,,,https://www.iowameatprocessors.org/impa-processor-members,43.226926189237,-91.879339462817,census-exact
IMPA,impa-2,processor,Amana Meat Shop & Smokehouse,,(800) 373-6328,info@amanameatshop.com,,4513 F Street,Amana,IA,52203,"4513 F Street, Amana, IA 52203",,,,https://www.iowameatprocessors.org/impa-processor-members,41.801624060346,-91.870008766796,census-exact
IMPA,impa-3,processor,Andover Meat Inc.,,(563) 682-7757,ameat@andovermeat.com,,1373 Washington St.,Andover,IA,52701,"1373 Washington St. Andover, IA 52701",,,,https://www.iowameatprocessors.org/impa-processor-members,41.981699726354,-90.252386801462,census-exact
IMPA,impa-4,processor,Anita Meat Processing,,(712) 762-3645,Baileybeefprocessing@gmail.com,,104 Linn St.,"Anita, IA",IA,50020,"104 Linn St., Anita, IA, IA 50020",,,,https://www.iowameatprocessors.org/impa-processor-members,41.442840487143,-94.767844595341,census-approx
IMPA,impa-5,processor,Arcadia Meats,,(712) 689-2435,danarcadiameats@netins.net,,102 Main Street,Arcadia,IA,51430,"102 Main Street, Arcadia, IA 51430",,,,https://www.iowameatprocessors.org/impa-processor-members,42.087075657565,-95.045003142383,census-exact
IMPA,impa-6,processor,Atlantic Locker,,(712) 243-1941,,,310 W 2nd St,Atlantic,IA,50022,"310 W 2nd St, Atlantic, IA 50022",,,,https://www.iowameatprocessors.org/impa-processor-members,41.409095970866,-95.017805731465,census-exact
IMPA,impa-7,processor,Babcock Locker,,(712) 631-4295,,,102 North Runger Ave,Sheldon,IA,51201,"102 North Runger Ave, Sheldon, IA 51201",,,,https://www.iowameatprocessors.org/impa-processor-members,43.187308692488,-95.815993829643,census-approx
IMPA,impa-8,processor,Babcock Locker,,(712) 756-4295,,,109 9th St,Alton,IA,51003,"109 9th St, Alton, IA 51003",,,,https://www.iowameatprocessors.org/impa-processor-members,42.985567043589,-96.00912612067,census-exact
IMPA,impa-9,processor,"Bud's Custom Meats, Inc.",,(319) 648-3999,budscustommeatsinc@aol.com,,3027 IA-22,Riverside,IA,52327,"3027 IA-22, Riverside, IA 52327",,,,https://www.iowameatprocessors.org/impa-processor-members,41.487959513684,-91.548458797003,census-exact
IMPA,impa-10,processor,Clarion Locker,,(515) 532-2350,clarionlocker@gmail.com,,305 S Main St,Clarion,IA,50525,"305 S Main St, Clarion, IA 50525",,,,https://www.iowameatprocessors.org/impa-processor-members,42.730229478744,-93.732723472193,census-exact
IMPA,impa-11,processor,"Corning Meat Processing Services, Inc",,(641) 322-3614,corningmeatproc@gmail.com,,,,IA,,,,,,https://www.iowameatprocessors.org/impa-processor-members,,,
IMPA,impa-12,processor,Corwith Locker,,(515) 583-2205,,,202 NW Elm St,Corwith,IA,50430,"202 NW Elm St, Corwith, IA 50430",,,,https://www.iowameatprocessors.org/impa-processor-members,42.992766737334,-93.957457903819,census-exact
IMPA,impa-13,processor,Country Cut Meats,,(641) 675-3683,,,26824 Vetch Ave,Pulaski,IA,52584,"26824 Vetch Ave, Pulaski, IA 52584",,,,https://www.iowameatprocessors.org/impa-processor-members,40.659160177482,-92.226256527663,census-exact
IMPA,impa-14,processor,Dan's Locker,,(563) 923-2515,danslockerllc@gmail.com,,25 Northside Rd,Earlville,IA,52041,"25 Northside Rd, Earlville, IA 52041",,,,https://www.iowameatprocessors.org/impa-processor-members,42.481623760273,-91.272037485768,census-exact
IMPA,impa-15,processor,Dayton Meat Products,,(641) 528-3420,daytonmeat@iowatelecom.net,,102 Montezuma St,Malcom,IA,50157,"102 Montezuma St, Malcom, IA 50157",,,,https://www.iowameatprocessors.org/impa-processor-members,41.705026168127,-92.552068610599,census-exact
IMPA,impa-16,processor,Deerfield Locker,,(641) 364-2925,deerfieldlocker@abcmailbox.net,,1270 115th St,Alta Vista,IA,50603,"1270 115th St, Alta Vista, IA 50603",,,,https://www.iowameatprocessors.org/impa-processor-members,43.190961928803,-92.50109815132,census-exact
IMPA,impa-17,processor,Durant Locker,,(563) 785-4854,,,505 5th Ave,Durant,IA,52747,"505 5th Ave, Durant, IA 52747",,,,https://www.iowameatprocessors.org/impa-processor-members,41.600994096234,-90.912992259757,census-approx
IMPA,impa-18,processor,Edgewood Locker,,(563) 928-6814,katie@edgewoodlocker.com,,609 W. Union St,Edgewood,IA,52042,"609 W. Union St, Edgewood, IA 52042",,,,https://www.iowameatprocessors.org/impa-processor-members,42.644452537293,-91.409056848859,census-exact
IMPA,impa-19,processor,Elma Locker & Grocery,,(641) 393-2287,elmalockergrocery@gmail.com,,100 Grant St.,Elma,IA,50628,"100 Grant St. Elma, IA 50628",,,,https://www.iowameatprocessors.org/impa-processor-members,43.27271,-92.394046,zip-centroid
IMPA,impa-20,processor,Fairbank Locker,,(319) 635-2595,,,104 Grove St,Fairbank,IA,50629,"104 Grove St, Fairbank, IA 50629",,,,https://www.iowameatprocessors.org/impa-processor-members,42.638147985731,-92.051040181629,census-exact
IMPA,impa-21,processor,Friedrichsen Meat Company,,(712) 446-2102,friedrichsenmeatcompany@gmail.com,,410 E. Southern St.,Sutherland,IA,51058,"410 E. Southern St., Sutherland, IA 51058",,,,https://www.iowameatprocessors.org/impa-processor-members,42.968075411149,-95.491667648943,census-exact
IMPA,impa-22,processor,George Locker BPLLC,,(712) 475-3218,,,117 E Michigan Ave,George,IA,51237,"117 E Michigan Ave, George, IA 51237",,,,https://www.iowameatprocessors.org/impa-processor-members,43.34360214085,-96.002044432831,census-exact
IMPA,impa-23,processor,Gilbertville Locker,,(319) 296 1464,staff@gilbertvillemeatlocker.com,,422 13th. Ave.,Gilbertville,IA,50634,"422 13th. Ave., Gilbertville, IA 50634",,,,https://www.iowameatprocessors.org/impa-processor-members,42.415398394593,-92.215471195596,census-exact
IMPA,impa-24,processor,"Graziano Brothers, Inc.",,(515) 244-7103,info@grazianobrothers.com,,1601 South Union St.,Des Moines,IA,50315,"1601 South Union St., Des Moines, IA 50315",,,,https://www.iowameatprocessors.org/impa-processor-members,41.575869654753,-93.614754777681,census-exact
IMPA,impa-25,processor,Hastings Meat Processing,,(641) 664-2195,,,701 S. East St,Bloomfield,IA,52537,"701 S. East St, Bloomfield, IA 52537",,,,https://www.iowameatprocessors.org/impa-processor-members,40.745684412775,-92.409610282803,census-exact
IMPA,impa-26,processor,Hilltop Processing,,,,,,,IA,,,,,,https://www.iowameatprocessors.org/impa-processor-members,,,
IMPA,impa-27,processor,ISU Meat Laboratory,,(515) 294-4355,,,914 Stange Rd,Ames,IA,50011,"914 Stange Rd, Ames, IA 50011",,,,https://www.iowameatprocessors.org/impa-processor-members,42.029859439973,-93.644552741151,census-exact
IMPA,impa-28,processor,In't Veld's Meat Market/Butcher's Brewhuis,,(641) 628-3440,orders@intvelds.com,,820 Main Street,Pella,IA,50219,"820 Main Street, Pella, IA 50219",,,,https://www.iowameatprocessors.org/impa-processor-members,41.407024235711,-92.91638824274,census-exact
IMPA,impa-29,processor,Ireton Locker,,(712) 278-2060,,,309 Main St,Ireton,IA,51027,"309 Main St, Ireton, IA 51027",,,,https://www.iowameatprocessors.org/impa-processor-members,42.97573289952,-96.318163729741,census-exact
IMPA,impa-30,processor,J & J Custom Meats,,(515) 884-1014,jnjcustommeats@gmail.com,,706 Broad Street,Whittemore,IA,50598,"706 Broad Street, Whittemore, IA 50598",,,,https://www.iowameatprocessors.org/impa-processor-members,43.064208805443,-94.426254506856,census-exact
IMPA,impa-31,processor,Jet's Meat Processing,,(563) 568-2403,jetsmeatprocessing@yahoo.com,,10 9th St.,Waukon,IA,52172,"10 9th St. N.W., Waukon, IA 52172",,,,https://www.iowameatprocessors.org/impa-processor-members,43.271159,-91.48377,zip-centroid
IMPA,impa-32,processor,Jordan's Meat Market,,(712) 376-1040,jordansmeatmarket@gmail.com,,206 Eagle Avenue,Marcus,IA,51035,"206 Eagle Avenue, Marcus, IA 51035",,,,https://www.iowameatprocessors.org/impa-processor-members,42.811277288742,-95.797445043806,census-exact
IMPA,impa-33,processor,Keota Meat Processing,,(641) 636-2303,,,516 E Lafayette Ave,Keota,IA,52248,"516 E Lafayette Ave, Keota, IA 52248",,,,https://www.iowameatprocessors.org/impa-processor-members,41.361727011294,-91.948871949065,census-exact
IMPA,impa-34,processor,Kitt's Meat Processing LLC,,(712) 683-5622,,,506 South 4th Avenue,Dedham,IA,51440,"506 South 4th Avenue, Dedham, IA 51440",,,,https://www.iowameatprocessors.org/impa-processor-members,41.90494716367,-94.82219864454,census-exact
IMPA,impa-35,processor,"Leighton Processed Meats, Inc.",,(641) 626-3211,,,227 Otley St,Leighton,IA,50143,"227 Otley St, Leighton, IA 50143",,,,https://www.iowameatprocessors.org/impa-processor-members,41.337256742092,-92.787551857102,census-exact
IMPA,impa-36,processor,Lynch BBQ Company,,,,,,,IA,,,,,,https://www.iowameatprocessors.org/impa-processor-members,,,
IMPA,impa-37,processor,Marks Locker,,(319) 938-2844,markslocker@hotmail.com,,106 Ely St,Rowley,IA,52329,"106 Ely St, Rowley, IA 52329",,,,https://www.iowameatprocessors.org/impa-processor-members,42.369909003809,-91.84276054024,census-exact
IMPA,impa-38,processor,Martzahn Poultry Processing,,(641) 823-5362,,,728 N 2nd St,Greene,IA,50636,"728 N 2nd St, Greene, IA 50636",,,,https://www.iowameatprocessors.org/impa-processor-members,42.903067628673,-92.808785437773,census-exact
IMPA,impa-39,processor,Mikes Meats,,(641) 218-8349,Evingerb05@gmail.com,,309 S Godfrey Ln,Knoxville,IA,50138,"309 S Godfrey Ln, Knoxville, IA 50138",,,,https://www.iowameatprocessors.org/impa-processor-members,41.320695896005,-93.062611267443,census-exact
IMPA,impa-40,processor,Milo Locker Meats,,(641) 942-6231,MILOMEATS.OFFICE@GMAIL.COM,,223 Main Street,Milo,IA,50166,"223 Main Street, Milo, IA 50166",,,,https://www.iowameatprocessors.org/impa-processor-members,41.287286579216,-93.439877404692,census-exact
IMPA,impa-41,processor,Minden Meat Market,,(712) 483-2836,mindenmeatmkt@walnutel.net,,315 Main St,Minden,IA,51553,"315 Main St, Minden, IA 51553",,,,https://www.iowameatprocessors.org/impa-processor-members,41.46696637869,-95.541861904982,census-exact
IMPA,impa-42,processor,"Mingo Locker, L.L.C.",,(641) 363-4284,mingolocker@gmail.com,,102 W Main St,Mingo,IA,50168,"102 W Main St, Mingo, IA 50168",,,,https://www.iowameatprocessors.org/impa-processor-members,41.767332846258,-93.282822678383,census-approx
IMPA,impa-43,processor,Moravia Meat Locker,,(641) 724-3336,,,10315 5,Moravia,IA,52571,"10315 Highway 5, Moravia, IA 52571",,,,https://www.iowameatprocessors.org/impa-processor-members,40.873946,-92.832264,zip-centroid
IMPA,impa-44,processor,"Nelson Locker, LLC",,(712) 728-2860,,,70 3rd St,Hartley,IA,51346,"70 3rd St NW, Hartley, IA 51346",,,,https://www.iowameatprocessors.org/impa-processor-members,43.191331,-95.453632,zip-centroid
IMPA,impa-45,processor,Nelson's Meat Market,,(319) 393-8161,NELSONS@NELSONSMEAT.COM,,1140 Old Marion Road,Cedar Rapids,IA,52402,"1140 Old Marion Road Northeast, Cedar Rapids, IA 52402",,,,https://www.iowameatprocessors.org/impa-processor-members,42.020760221872,-91.65185907411,census-approx
IMPA,impa-46,processor,Newhall Locker & Processing,,(319) 223-5202,Locker728@hotmail.com,,19 Main Street,Newhall,IA,52315,"19 Main Street, Newhall, IA 52315",,,,https://www.iowameatprocessors.org/impa-processor-members,41.995273989634,-91.967371078653,census-exact
IMPA,impa-47,processor,Nimrod Meats,,(641) 640-0356,nimrodmeats@gmail.com,,214 S High St,Iowa Falls,IA,50126,"214 S High St, Iowa Falls, IA 50126",,,,https://www.iowameatprocessors.org/impa-processor-members,42.518809163341,-93.274969823965,census-approx
IMPA,impa-48,processor,Ohrt's Smokehouse LLC,,(641) 394-5062,ohrtssmokehouse@gmail.com,,1812 250th St.,Ionia,IA,50645,"1812 250th St., Ionia, IA 50645",,,,https://www.iowameatprocessors.org/impa-processor-members,42.994005952653,-92.393992513706,census-exact
IMPA,impa-49,processor,Old Parlor Meat Company,,(712) 470-9519,oldparlormeatco@gmail.com,,3236 Garfield Ave,Rock Valley,IA,51247,"3236 Garfield Ave, Rock Valley, IA 51247",,,,https://www.iowameatprocessors.org/impa-processor-members,43.180242561404,-96.235409880938,census-exact
IMPA,impa-50,processor,Old Station Craft Meats,,(515) 452-0150,nick@oldstationcraftmeats.com,,450 6th Street,Waukee,IA,50263,"450 6th Street, Waukee, IA 50263",,,,https://www.iowameatprocessors.org/impa-processor-members,41.610938483801,-93.885659334774,census-exact
IMPA,impa-51,processor,Polashek's Locker Service Inc.,,(563) 569-8774,adam@polashekslocker.com,,218 South Main St.,Protivin,IA,52163,"218 South Main St., Protivin, IA 52163",,,,https://www.iowameatprocessors.org/impa-processor-members,43.215403489953,-92.091009928873,census-exact
IMPA,impa-52,processor,Remsen Processing Inc.,,(712) 786-1197,rlocker2001@outlook.com,,230 South Washington Street,Remsen,IA,51050,"230 South Washington Street, Remsen, IA 51050",,,,https://www.iowameatprocessors.org/impa-processor-members,42.814334993826,-95.973436952954,census-exact
IMPA,impa-53,processor,Ridgeport Locker,,(515) 432-8973,ridgeport1@hotmail.com,,242 Nature Road,Boone,IA,50036,"242 Nature Road, Boone, IA 50036",,,,https://www.iowameatprocessors.org/impa-processor-members,42.176690971181,-93.917468769888,census-exact
IMPA,impa-54,processor,Rockdale Locker LLC,,(563) 659-7675,rockdalelocker@shopmoorelocal.com,,605 Birch Dr,Maquoketa,IA,52060,"605 Birch Dr, Maquoketa, IA 52060",,,,https://www.iowameatprocessors.org/impa-processor-members,42.061748487111,-90.650158474709,census-exact
IMPA,impa-55,processor,Ruzicka's Meat Processing,,(319) 624-2870,ruzicka296@aol.com,,301 North Dubuque Street,Solon,IA,52333,"301 North Dubuque Street, Solon, IA 52333",,,,https://www.iowameatprocessors.org/impa-processor-members,41.808972850953,-91.49422860287,census-exact
IMPA,impa-56,processor,S&S Meats and Spirits,,(641) 732-4792,sandslocker@gmail.com,,514 Main St,Osage,IA,50461,"514 Main St, Osage, IA 50461",,,,https://www.iowameatprocessors.org/impa-processor-members,43.284021934743,-92.814317989895,census-exact
IMPA,impa-57,processor,Sawyer's Meats of Iowa,,(515) 576-5331,donsaw@hotmail.com,,414 2nd Ave,Fort Dodge,IA,50501,"414 2nd Ave S, Fort Dodge, IA 50501",,,,https://www.iowameatprocessors.org/impa-processor-members,42.49164,-94.187122,zip-centroid
IMPA,impa-58,processor,Skoglund Meats,,(515) 887-4531,,,,,IA,,,,,,https://www.iowameatprocessors.org/impa-processor-members,,,
IMPA,impa-59,processor,Stanhope Locker & Market,,(515) 826-3280,stanhopelockerandmarket@gmail.com,,,,IA,,,,,,https://www.iowameatprocessors.org/impa-processor-members,,,
IMPA,impa-60,processor,Steege's Meat Market,,(319) 277-4577,info@steegesmeatmarket.com,,9502 W 1st St,Cedar Falls,IA,50613,"9502 W 1st St, Cedar Falls, IA 50613",,,,https://www.iowameatprocessors.org/impa-processor-members,42.542447006036,-92.545273017018,census-exact
IMPA,impa-61,processor,Story City Locker,,(515) 733-6328,info@storycitylocker.com,,236 W. Broad Street,Story City,IA,50248,"236 W. Broad Street, Story City, IA 50248",,,,https://www.iowameatprocessors.org/impa-processor-members,42.187014891294,-93.604853648436,census-exact
IMPA,impa-62,processor,Sully Locker & Market,,(641) 594-4240,sullycommlocker@gmail.com,,11892 F62,Sully,IA,50251,"11892 Hwy F62 E, Sully, IA 50251",,,,https://www.iowameatprocessors.org/impa-processor-members,41.56694,-92.869363,zip-centroid
IMPA,impa-63,processor,TADA Meats,,(563) 249-6471,tadameats@gmail.com,,18066 64,Maquoketa,IA,52060,"18066 Hwy 64, Maquoketa, IA 52060",,,,https://www.iowameatprocessors.org/impa-processor-members,42.101196,-90.680278,zip-centroid
IMPA,impa-64,processor,The Blair Meat Market,,(402) 426-3300,customerservice@blairmeatmarket.com,,312 N 16th St.,Blair,NE,68008,"312 N 16th St., Blair, NE 68008",,,,https://www.iowameatprocessors.org/impa-processor-members,41.546208473168,-96.136052335802,census-exact
IMPA,impa-65,processor,The Butcher Block,,(563) 852-7677,,,120 Industrial St,Cascade,IA,52033,"120 Industrial St, Cascade, IA 52033",,,,https://www.iowameatprocessors.org/impa-processor-members,42.308048615334,-90.988309393032,census-approx
IMPA,impa-66,processor,Tiefenthaler Quality Meats,,(712) 368-4621,INFO@TQMEATS.COM,,504 N. Main Street,Holstein,IA,51025,"504 N. Main Street, Holstein, IA 51025",,,,https://www.iowameatprocessors.org/impa-processor-members,42.498635265583,-95.544733825237,census-exact
IMPA,impa-67,processor,Tipton Meat Locker,,(563) 886-2106,info@tiptonmeatlocker.org,,108 Cedar St,Tipton,IA,52772,"108 Cedar St, Tipton, IA 52772",,,,https://www.iowameatprocessors.org/impa-processor-members,41.765972784919,-91.128328013747,census-exact
IMPA,impa-68,processor,Trails End Butchering,,(641) 898-2288,,,3064 Davis Road,Seymour,IA,52590,"3064 Davis Road, Seymour,IA 52590",,,,https://www.iowameatprocessors.org/impa-processor-members,40.623383033927,-93.159424862482,census-exact
IMPA,impa-69,processor,Ulrich Meat Market,,(641) 628-2771,info@ulrichsmeatmarket.com,,715 Franklin St.,Pella,IA,50219,"715 Franklin St., Pella, IA 50219",,,,https://www.iowameatprocessors.org/impa-processor-members,41.406658239012,-92.91678857332,census-exact
IMPA,impa-70,processor,Weaver Meats,,(641) 344-4337,weaver.meats.llc@gmail.com,,204 E Kansas St,Afton,IA,50830,"204 E Kansas St #7702, Afton, IA 50830",,,,https://www.iowameatprocessors.org/impa-processor-members,41.028484970613,-94.196316814815,census-exact
IMPA,impa-71,processor,West Liberty Locker & Processing,,(319) 627-4060,wllocker@Lcom.net,,3501 Freedom St.,West Liberty,IA,52776,"3501 Freedom St., West Liberty, IA 52776",,,,https://www.iowameatprocessors.org/impa-processor-members,41.578835,-91.273449,zip-centroid
IMPA,impa-72,processor,Winthrop Locker LLC,,(319) 935-3886,winthroplocker@hotmail.com,,835 220th St.,West Winthrop,IA,50682,"835 220th St. West Winthrop, IA 50682",,,,https://www.iowameatprocessors.org/impa-processor-members,42.468463723949,-91.742192620338,census-approx
IMPA,impa-73,processor,Yetter Locker,,(712) 688-2233,,,101 Summit Ave,Yetter,IA,51433,"101 Summit Ave, Yetter, IA 51433",,,,https://www.iowameatprocessors.org/impa-processor-members,42.314818241427,-94.847398392764,census-exact
IMPA,impa-74,processor,Zeb's Smokehouse,,(712) 523-2526,mbaker.iowameatprocessors@gmail.com,,406 Madison Street,Bedford,IA,50833,"406 Madison Street, Bedford, IA 50833",,,,https://www.iowameatprocessors.org/impa-processor-members,40.665591618184,-94.721472404972,census-exact
IMPPA,imppa-processor-1,processor,4 Bar M Custom Meats dba Scobee Processing,Matt & Misty Barnes,765-653-7119,4barmmeats@gmail.com misti7@gmail.com,,264 E. Co. Rd. 350 N.,Greencastle,IN,46135,"264 E. Co. Rd. 350 N. Greencastle, IN 46135",,,,https://imppa.org/member-directory/,39.711155938431,-86.844265700514,census-exact
IMPPA,imppa-processor-2,processor,Abe's Deer Processing,Sunday Pruett,812-595-4297,sundaylbroadus@yahoo.com,,618 Beagle Club Rd.,Underwood,IN,47170,"618 Beagle Club Rd. Underwood, IN 47170",,,,https://imppa.org/member-directory/,38.591108731409,-85.757424936566,census-approx
IMPPA,imppa-processor-3,processor,Quality One Meats (Formerly Adair Processing),Dan Shetler,260-731-3221,wenning54@hotmail.com,,190 N. Union / P.O. Box 284,Pennville,IN,47369,"190 N. Union / P.O. Box 284 Pennville, IN 47369",,,,https://imppa.org/member-directory/,40.493411686084,-85.148322706477,census-approx
IMPPA,imppa-processor-4,processor,Appalachian Ag LLC,Jonathan Reinford,606-886-6003,jon@appalachianmeats.com,,169 W Old Middle Creek Rd.,Prestonsburg,KY,41663-2179,"169 W Old Middle Creek Rd. Prestonsburg, KY 41663-2179",,,,https://imppa.org/member-directory/,37.567286,-82.663407,zip-centroid
IMPPA,imppa-processor-5,processor,Appalachian Meats LLC,Marlin Gerber,606-522-3142,marlingerber@icloud.com,,194 Rocky Branch Rd.,West Liberty,KY,41472,"194 Rocky Branch Rd. West Liberty, KY 41472",,,,https://imppa.org/member-directory/,38.000632968734,-83.071780015279,census-exact
IMPPA,imppa-processor-6,processor,Archer's Meats & Catering,Chris Archer,317-881-9300,,,259 S. Meridian St.,Greenwood,IN,46142,"259 S. Meridian St. Greenwood, IN 46142",,,,https://imppa.org/member-directory/,39.612493157841,-86.106237030292,census-approx
IMPPA,imppa-processor-7,processor,Arni's Inc.,Brian Nelson Brad Cohen,765-742-7455,bnelson@meetyouatarnis.com bcohen@meetyouatarnis.com,,"2200 Elmwood Ave., Ste D-10",Lafayette,IN,47904,"2200 Elmwood Ave., Ste D-10 Lafayette, IN 47904",,,,https://imppa.org/member-directory/,40.429367628795,-86.871694046666,census-exact
IMPPA,imppa-processor-8,processor,"Banter's Fresh Meats, LLC",Kris Banter,317-922-1080,stacey.parnell2@gmail.com,,1802 Conner St.,Noblesville,IN,46060,"1802 Conner St. Noblesville, IN 46060",,,,https://imppa.org/member-directory/,40.045666680724,-86.001689971434,census-exact
IMPPA,imppa-processor-9,processor,Baraka Halal LLC,Yusuf Saleh,708-673-5464,ysaleh1969@gmail.com,,18 West Bruel St.,Remington,IN,47977,"18 West Bruel St. Remington, IN 47977",,,,https://imppa.org/member-directory/,40.768096609768,-87.151235413522,census-approx
IMPPA,imppa-processor-10,processor,Beechy's Custom Meats,Vernon Beechy,260-768-4081,beechyscustommeats@plainconnect.com,,6110 N 1000 W,Shipshewana,IN,46565,"6110 N 1000 W Shipshewana, IN 46565",,,,https://imppa.org/member-directory/,41.729024004034,-85.621130846646,census-exact
IMPPA,imppa-processor-11,processor,Beutler Meats & Catering,Steve Beutler,765-742-7285,beutlermeat@hotmail.com,,801 S. 1st St.,Lafayette,IN,47905,"801 S. 1st St. Lafayette, IN 47905",,,,https://imppa.org/member-directory/,40.411244471104,-86.899571354614,census-exact
IMPPA,imppa-processor-12,processor,Blocher Processing,Renae Blocher,260-901-1685,renaeblocher@gmail.com,,3072 W. SR 114,North Manchester,IN,46962,"3072 W. SR 114 North Manchester, IN 46962",,,,https://imppa.org/member-directory/,40.988512,-85.768369,zip-centroid
IMPPA,imppa-processor-13,processor,Boone's Butcher Shop,Allison Porteus,502-348-3668,processing@boonesbutchershop.com,,100 Old Bloomfield Pike,Bardstown,KY,40004,"100 Old Bloomfield Pike Bardstown, KY 40004",,,,https://imppa.org/member-directory/,37.809191668205,-85.460805927995,census-exact
IMPPA,imppa-processor-14,processor,Brewer Meats,Donnie Brewer,812-873-7494,brewerlivestock@yahoo.com,,4190 S. CR 350 W.,North Vernon,IN,47265,"4190 S. CR 350 W. North Vernon, IN 47265",,,,https://imppa.org/member-directory/,38.923340423141,-85.677295307632,census-exact
IMPPA,imppa-processor-15,processor,Broadbent B & B Foods,Ronny Drennon,270-388-0609,manager@broadbenthams.com ronny@broadbenthams.com,,257 Mary Blue Rd.,Kuttawa,KY,42055,"257 Mary Blue Rd. Kuttawa, KY 42055",,,,https://imppa.org/member-directory/,37.070450207816,-88.12602375888,census-exact
IMPPA,imppa-processor-16,processor,Burlington Meats & Catering Inc.,David Richason,765-566-3360,mrpig46915@yahoo.com,,215 E. 5th St.,Burlington,IN,46915,"215 E. 5th St. Burlington, IN 46915",,,,https://imppa.org/member-directory/,40.481630366479,-86.392897700342,census-exact
IMPPA,imppa-processor-17,processor,Butcher Bros. LLC,Doug Hoeing,765-561-3130,butcherbros22@gmail.com,,4733 E. Gings Rd.,Rushville,IN,46173,"4733 E. Gings Rd. Rushville, IN 46173",,,,https://imppa.org/member-directory/,39.668736590317,-85.354883341688,census-exact
IMPPA,imppa-processor-18,processor,Butternut Ridge Meatery & Market,Sam AcMoody,517-410-6614,sam.acmoody@gmail.com,,530 Franklin St.,Bronson,MI,49028,"530 Franklin St. Bronson, MI 49028",,,,https://imppa.org/member-directory/,41.874378524054,-85.201748567891,census-exact
IMPPA,imppa-processor-19,processor,CRS OneSource (Farm Boy Meats),Sarah Reis,812-425-5231,sreis@crsonesource.com,,2761 N. Kentucky Ave.,Evansville,IN,47711,"2761 N. Kentucky Ave. Evansville, IN 47711",,,,https://imppa.org/member-directory/,38.005566933176,-87.546959201689,census-exact
IMPPA,imppa-processor-20,processor,"Culver Duck Farms, Inc.",Sean Smith,574-561-9395,sean@culverduck.com,,12215 CR 10,,IN,,12215 CR 10 Middleburyn IN 46540,,,,https://imppa.org/member-directory/,41.703821254261,-85.700026672594,census-exact
IMPPA,imppa-processor-21,processor,Custom Quality Meats,Sandy Seyfert,260-749-4100,sanseyf@yahoo.com,,2616 Ryan Rd.,New Haven,IN,46774,"2616 Ryan Rd. New Haven, IN 46774",,,,https://imppa.org/member-directory/,41.064795270852,-84.962038200445,census-exact
IMPPA,imppa-processor-22,processor,D&D Meats,Debra Treesh,260-541-0365,debratreesh@hotmail.com,,0505 CR 32,Corunna,IN,46730,"0505 CR 32 Corunna, IN 46730",,,,https://imppa.org/member-directory/,41.409680542944,-85.170711680962,census-exact
IMPPA,imppa-processor-23,processor,"Dewig Bros. Packing Co., Inc",Darla Kiesel,812-768-6208,darla@dewigmeats.com,,P.O. Box 186,Haubstadt,IN,47639,"P.O. Box 186 Haubstadt, IN 47639",,,,https://imppa.org/member-directory/,38.188223,-87.566247,zip-centroid
IMPPA,imppa-processor-24,processor,Didier Meats LLC,Chris Didier-Coffman,260-482-8400,ChrisDidier-Coffman@TimDidierMeats.com,,3205 North Wells St.,Ft. Wayne,IN,46808,"3205 North Wells St. Ft. Wayne, IN 46808",,,,https://imppa.org/member-directory/,41.104700349846,-85.147521274487,census-exact
IMPPA,imppa-processor-25,processor,E & L Farms & Processing LLC,Elam Lengacher,260-409-9868,,,15610 Grabill Rd.,Grabill,IN,46741,"15610 Grabill Rd. Grabill, IN 46741",,,,https://imppa.org/member-directory/,41.209960477761,-84.94417805272,census-exact
IMPPA,imppa-processor-26,processor,"El Popular Sausage Factory, LLC",Edward Garza,219-677-2064,egarza@elpopular.com,,"1251 Transport Dr., Suite C",Valparaiso,IN,46383,"1251 Transport Dr., Suite C Valparaiso, IN 46383",,,,https://imppa.org/member-directory/,41.457057083633,-87.01670507462,census-approx
IMPPA,imppa-processor-27,processor,Elston's Community Meats LLC,Lori Elston,812-571-0170,ljelston73@gmail.com,,9028 S. St. Rd. 128,Cross Plains,IN,47017,"9028 S. St. Rd. 128 Cross Plains, IN 47017",,,,https://imppa.org/member-directory/,38.940482,-85.181402,zip-centroid
IMPPA,imppa-processor-28,processor,Farmland Locker,Debra Honeycutt,765-468-6031,ddahoney@yahoo.com,,P.O. Box 352,Farmland,IN,47340,"P.O. Box 352 Farmland, IN 47340",,,,https://imppa.org/member-directory/,40.180757,-85.133663,zip-centroid
IMPPA,imppa-processor-29,processor,Farmstead Butcher Block,Raysha Wilson,270-220-4224,office@mmmbutcherblock.com,,3060 Cleaton Rd.,Central City,KY,42330,"3060 Cleaton Rd. Central City, KY 42330",,,,https://imppa.org/member-directory/,37.246232793637,-87.104709550016,census-exact
IMPPA,imppa-processor-30,processor,Fender 4 Star Meat Processing,Clark Arnold,812-829-3240,cl.arnold@hotmail.com,,1494 Rocky Hill Rd.,Spencer,IN,47460,"1494 Rocky Hill Rd. Spencer, IN 47460",,,,https://imppa.org/member-directory/,39.311873415031,-86.768318893356,census-exact
IMPPA,imppa-processor-31,processor,"Ferdinand Processing, Inc.",Paula Gogel,812-367-2073,pgogel3@hotmail.com fpmeats@psci.net,,1182 E. 5th St.,Ferdinand,IN,47532,"1182 E. 5th St. Ferdinand, IN 47532",,,,https://imppa.org/member-directory/,38.219661586743,-86.852039158885,census-exact
IMPPA,imppa-processor-32,processor,First Capitol Meats,Garth Steckler,812-738-0175,fcmcorydon@gmail.com,,420 Higdon St.,Corydon,IN,47112,"420 Higdon St. Corydon, IN 47112",,,,https://imppa.org/member-directory/,38.206580609795,-86.110991042512,census-exact
IMPPA,imppa-processor-33,processor,Fisher Packing Co.,Greg Fisher Brad Fisher,260-726-7355,Greg.Fisher@fishermeats.com Brad.Fisher@fishermeats.com,,300 W. Walnut,Portland,IN,47371,"300 W. Walnut Portland, IN 47371",,,,https://imppa.org/member-directory/,40.434358558681,-84.980522943611,census-approx
IMPPA,imppa-processor-34,processor,Gettinger Family Custom Meats,Sam Gettinger,765-228-9946,gettingermeats@yahoo.com,,4485 E. 225 N.,Rushville,IN,46173,"4485 E. 225 N. Rushville, IN 46173",,,,https://imppa.org/member-directory/,39.643967059272,-85.359125645411,census-exact
IMPPA,imppa-processor-35,processor,"Glier's Meats, Inc.",David Glier,859-291-1800,David@Goetta.com Amy@goetta.com,,533 Goetta Pl.,Covington,KY,41011,"533 Goetta Pl. Covington, KY 41011",,,,https://imppa.org/member-directory/,39.06713,-84.532674,zip-centroid
IMPPA,imppa-processor-36,processor,Hallmark Custom Meats LLC,Harvey Schrock,260-499-4889,hallmark@1byfax.com,,0850 W 550 S,Wolcottville,IN,46795,"0850 W 550 S Wolcottville, IN 46795",,,,https://imppa.org/member-directory/,41.561538787905,-85.440479892081,census-exact
IMPPA,imppa-processor-37,processor,Hampton Premium Meats,Chris Milam,270-847-0634,cmilam@hamptonpremiummeats.com,,P.O. Box 545,Hopkinsville,KY,42240,"P.O. Box 545 Hopkinsville, KY 42240",,,,https://imppa.org/member-directory/,36.880212,-87.46306,zip-centroid
IMPPA,imppa-processor-38,processor,Hanford Packing LLC,Nicole Hayden,219-345-3755,hanfordpackingLLC@gmail.com,,11391 N. St. Rd. 55,DeMotte,IN,46356,"11391 N. St. Rd. 55 DeMotte, IN 46356",,,,https://imppa.org/member-directory/,41.163213573627,-87.33377033911,census-approx
IMPPA,imppa-processor-39,processor,Harrison County M,Gary J. Geswein,812-738-9347,gjgeswein@aol.com,,11665 School Ln. NE,Palmyra,IN,47164,"11665 School Ln. NE Palmyra, IN 47164",,,,https://imppa.org/member-directory/,38.371520845738,-86.077673965761,census-exact
IMPPA,imppa-processor-40,processor,Hilltop Custom Meats LLC,David Glick,765-886-5430,,,7052 Manning Rd.,Economy,IN,47339,"7052 Manning Rd. Economy, IN 47339",,,,https://imppa.org/member-directory/,39.931159546466,-85.090557216226,census-exact
IMPPA,imppa-processor-41,processor,Hobart Meats,Rob St.Germain,219-942-5952,hobartmeats@yahoo.com,,8602 Randolph St.,Crown Point,IN,46307,"8602 Randolph St. Crown Point, IN 46307",,,,https://imppa.org/member-directory/,41.461376947528,-87.239203411967,census-exact
IMPPA,imppa-processor-42,processor,Holy Cow Farm Fresh LLC,Joanne Mosher,219-253-8491,joanne@holycowfarmfresh.com,,10387 N. 100 W.,Monon,IN,47959,"10387 N. 100 W. Monon, IN 47959",,,,https://imppa.org/member-directory/,40.903496358818,-86.892697740543,census-exact
IMPPA,imppa-processor-43,processor,Homestyle Butchering,Leonard Miller,574-525-4602,,,59989 E. Co. Line Rd.,Middlebury,IN,46540,"59989 E. Co. Line Rd. Middlebury, IN 46540",,,,https://imppa.org/member-directory/,41.625162487157,-85.657085509332,census-exact
IMPPA,imppa-processor-44,processor,Huber's Greensburg Locker,Fred & Linda Huber,812-663-7744,flhuber@frontier.com,,1023 N. Ireland St.,Greensburg,IN,47240,"1023 N. Ireland St. Greensburg, IN 47240",,,,https://imppa.org/member-directory/,39.346187579329,-85.488957341037,census-exact
IMPPA,imppa-processor-45,processor,Integrity Meats,Roger Stahlhut,260-693-0777,Integritymeat@gmail.com RLStahlhut@gmail.com,,3640 US 33,Churbusco,IN,46723,"3640 US 33 Churbusco, IN 46723",,,,https://imppa.org/member-directory/,41.217001581599,-85.314824428577,census-approx
IMPPA,imppa-processor-46,processor,Jason's Meat Market,Jason Logan,765-584-3940,jasonsmeatmarket@yahoo.com,,101 W. Franklin St.,Winchester,IN,47394,"101 W. Franklin St. Winchester, IN 47394",,,,https://imppa.org/member-directory/,40.171579015558,-84.981382173359,census-exact
IMPPA,imppa-processor-47,processor,"John's Butcher Shop, Inc.",,574-773-4632,marlin@johnsbutchershop.com,,158 N. Main St.,Nappanee,IN,46550,"158 N. Main St. Nappanee, IN 46550",,,,https://imppa.org/member-directory/,41.44321120063,-86.001365100334,census-exact
IMPPA,imppa-processor-48,processor,Kenny Dewig Meats,Kenneth Dewig,812-724-2333,kennydewigmeats@hotmail.com,,9204 W. State Rd. 165,Owensville,IN,47665,"9204 W. State Rd. 165 Owensville, IN 47665",,,,https://imppa.org/member-directory/,38.276085833967,-87.739029981651,census-approx
IMPPA,imppa-processor-49,processor,Knightstown Locker,Dan Titus,765-345-2410,knightstownlocker@gmail.com,,8037 S. 575 W.,Knightstown,IN,46148,"8037 S. 575 W. Knightstown, IN 46148",,,,https://imppa.org/member-directory/,39.77989,-85.475163,zip-centroid
IMPPA,imppa-processor-50,processor,Krider's Meat Processing,Randall S. Krider,260-248-8315,kridersmeatproc@gmail.com,,735 W. Market St.,Columbia City,IN,46725,"735 W. Market St. Columbia City, IN 46725",,,,https://imppa.org/member-directory/,41.155830816861,-85.497021529597,census-exact
IMPPA,imppa-processor-51,processor,L-L Meats,Leon Yoder,260-854-2935,,,11698 N. Baseline Rd.,Wolcottville,IN,46795,"11698 N. Baseline Rd. Wolcottville, IN 46795",,,,https://imppa.org/member-directory/,41.521413148685,-85.42338241479,census-exact
IMPPA,imppa-processor-52,processor,Ladoga Frozen Foods,Cassie Claycomb,765-942-2225,ladogafrozenfoods@hotmail.com,,237 S. Washington St.,Ladoga,IN,47954,"237 S. Washington St. Ladoga, IN 47954",,,,https://imppa.org/member-directory/,39.912070410473,-86.800979383811,census-exact
IMPPA,imppa-processor-53,processor,Lengacher's Meats,Rebecca or Melinda Lengacher,260-627-8060,,,13601 Antwerp Rd.,Grabill,IN,46741,"13601 Antwerp Rd. Grabill, IN 46741",,,,https://imppa.org/member-directory/,41.195029420334,-84.969580554876,census-exact
IMPPA,imppa-processor-54,processor,Lengerich Meats Inc.,Jackie Barnes,260-638-4123,lengerich@frontier.com,,3095 VanHorn St.,Zanesville,IN,46799,"3095 VanHorn St. Zanesville, IN 46799",,,,https://imppa.org/member-directory/,40.915229532826,-85.282704553288,census-exact
IMPPA,imppa-processor-55,processor,Lighthouse Custom Meats,Delmar Wagler Matt Miller Marcus Marner,812-699-7132,,,464 N. St. Rd. 57,Bloomfield,IN,47424,"464 N. St. Rd. 57 Bloomfield, IN 47424",,,,https://imppa.org/member-directory/,39.030580386812,-87.011464133685,census-approx
IMPPA,imppa-processor-56,processor,M & M Fields Market,William Fields,260-368-9409,wfields32@gmail.com,,P.O. Box 279,Geneva,IN,46740,"P.O. Box 279 Geneva, IN 46740",,,,https://imppa.org/member-directory/,40.60428,-84.964762,zip-centroid
IMPPA,imppa-processor-57,processor,"Manley Meats, Inc.",JJ Everett,260-592-7313,manleymeatsinc@centurylink.net,,302 S. 400 E.,Decatur,IN,46733,"302 S. 400 E. Decatur, IN 46733",,,,https://imppa.org/member-directory/,40.741631968355,-84.860088487335,census-exact
IMPPA,imppa-processor-58,processor,Martin's Custom Butchering Inc.,Shane Oberholzer,574-862-2982,martinsmeats@frontier.com,,27570 CR 42,Wakarusa,IN,46573,"27570 CR 42 Wakarusa, IN 46573",,,,https://imppa.org/member-directory/,41.521747253315,-85.993161493971,census-exact
IMPPA,imppa-processor-59,processor,Merkley & Sons Inc.,Brad Merkley,812-482-7020,merkleymeats@gmail.com,,3994 W. 180 N.,Jasper,IN,47546,"3994 W. 180 N. Jasper, IN 47546",,,,https://imppa.org/member-directory/,38.405342323961,-86.980966534474,census-exact
IMPPA,imppa-processor-60,processor,Michiana Meats LLC,Leonard Schwartz,260-768-7520 X2,michmeats@plainconnect.com,,8195 W SR 120,Shipshewana,IN,46565,"8195 W SR 120 Shipshewana, IN 46565",,,,https://imppa.org/member-directory/,41.726831239442,-85.585779979469,census-approx
IMPPA,imppa-processor-61,processor,Midwest Kosher,Arik & Aryeh Kramer,574-855-1791,,,560 W. Ireland Rd.,South Bend,IN,46614,"560 W. Ireland Rd. South Bend, IN 46614",,,,https://imppa.org/member-directory/,41.62883230919,-86.256101671223,census-exact
IMPPA,imppa-processor-62,processor,Miller's Deer Processing,Marlin and Ruby Miller,574-312-0066,millersdeer@plainconnect.com,,12232 CR 34,Goshen,IN,46528,"12232 CR 34 Goshen, IN 46528",,,,https://imppa.org/member-directory/,41.581356797902,-85.698510524315,census-exact
IMPPA,imppa-processor-63,processor,Miller's Smoke House,Marlin Miller,574-825-2665,millersmokehouse@plainconnect.com,,10620 CR 14,Middlebury,IN,46540,"10620 CR 14 Middlebury, IN 46540",,,,https://imppa.org/member-directory/,41.686780567035,-85.673291271717,census-exact
IMPPA,imppa-processor-64,processor,Monon Meat Packing & Catering,Jennifer Grabow,219-253-6363,mononmeats@yahoo.com,,,Monon,IN,47959,"Monon, IN 47959",,,,https://imppa.org/member-directory/,40.862574,-86.900695,zip-centroid
IMPPA,imppa-processor-65,processor,Moonlight Meat Processing,Anne Bays,606-515-8813,moonlightmeatprocessing@gmail.com,,90 AJ Sutton Rd.,Williamsburg,KY,40769,"90 AJ Sutton Rd. Williamsburg, KY 40769",,,,https://imppa.org/member-directory/,36.704354,-84.189734,zip-centroid
IMPPA,imppa-processor-66,processor,"Munsee Meats, Inc.",Nicholas Terry,765-288-3645,NTerry@munseemeats.com Sean@munseemeats.com,,1701 W. Kilgore,Muncie,IN,47304,"1701 W. Kilgore Muncie, IN 47304",,,,https://imppa.org/member-directory/,40.185470420583,-85.406768124993,census-approx
IMPPA,imppa-processor-67,processor,Napoleon Locker Plant,Brad Wessel,812-852-4333,napoleonlocker@gmail.com,,26029 Pocket Rd.,Batesville,IN,47006,"26029 Pocket Rd. Batesville, IN 47006",,,,https://imppa.org/member-directory/,39.323122580513,-85.260837885592,census-exact
IMPPA,imppa-processor-68,processor,Newton Processing,Sylvia Raber,812-486-3227,,,6396 Old US Hwy,Montgomery,IN,47558,"6396 Old US Hwy Montgomery, IN 47558",,,,https://imppa.org/member-directory/,38.638709,-87.049882,zip-centroid
IMPPA,imppa-processor-69,processor,O'Mara Foods,,,,,1820 North Montgomery Rd.,Greensburg,IN,47240,"1820 North Montgomery Rd. Greensburg, IN 47240",,,,https://imppa.org/member-directory/,39.354097504412,-85.465480561778,census-exact
IMPPA,imppa-processor-70,processor,Odon Locker Inc.,Luke Swartzentruber,812-636-4242,luke@theodonlocker.com,,606 West Elnora St.,Odon,IN,47562,"606 West Elnora St. Odon, IN 47562",,,,https://imppa.org/member-directory/,38.844415372989,-86.998159920253,census-exact
IMPPA,imppa-processor-71,processor,Old Fashioned Butcher Shop,Chris Baumgart & Michael Baehl,812-423-2465,ofbsevansville@outlook.com,,2130 Stringtown Rd.,Evansville,IN,47711,"2130 Stringtown Rd. Evansville, IN 47711",,,,https://imppa.org/member-directory/,37.99695339387,-87.554929347863,census-exact
IMPPA,imppa-processor-72,processor,Old Major LLC,Mark Lafay,317-710-2099,mark@oldmajormarket.com,,4201 Millersville Rd. Ste. 107A,Indianapolis,IN,46205,"4201 Millersville Rd. Ste. 107A Indianapolis, IN 46205",,,,https://imppa.org/member-directory/,39.833120749622,-86.11359981869,census-exact
IMPPA,imppa-processor-73,processor,Oliver's Butcher Shop,Rusty Oliver,765-964-3920,uco3814@gmail.com,,7071 N. 700 E.,Union City,IN,47390,"7071 N. 700 E. Union City, IN 47390",,,,https://imppa.org/member-directory/,40.267291711455,-84.843179574363,census-exact
IMPPA,imppa-processor-74,processor,Orange County Processing LLC,Chris Burger,812-865-2028,ocprocessing2017@yahoo.com,,5028 N. St. Rd. 37,Orleans,IN,47452,"5028 N. St. Rd. 37 Orleans, IN 47452",,,,https://imppa.org/member-directory/,38.631798834442,-86.458666468365,census-approx
IMPPA,imppa-processor-75,processor,Owen's Butcher Block,Owen DePoy,317-494-3095,ownsbutcherblock@gmail.com,,10463 N. Kitchen Rd.,Mooresville,IN,46158,"10463 N. Kitchen Rd. Mooresville, IN 46158",,,,https://imppa.org/member-directory/,39.58085702055,-86.316761923702,census-approx
IMPPA,imppa-processor-76,processor,Penn Country Hams,John Penn,270-465-5065,PennsHams@aol.com,,P.O. Box 88,Mannsville,KY,42758,"P.O. Box 88 Mannsville, KY 42758",,,,https://imppa.org/member-directory/,37.374757,-85.201006,zip-centroid
IMPPA,imppa-processor-77,processor,Pig Tail Charcuterie,Wendee Reed,317-516-5966,wendeereed@pigstale.com troyreed@pigstale.com,,5130 E. 65th St.,Indianapolis,IN,46220,"5130 E. 65th St. Indianapolis, IN 46220",,,,https://imppa.org/member-directory/,39.876008866278,-86.08379895798,census-exact
IMPPA,imppa-processor-78,processor,Prime Cut 41,Ryan & Megan Ellmore,765-636-4014,meganellmore@icloud.com,,1195 E. State St.,Veedersburg,IN,47987,"1195 E. State St. Veedersburg, IN 47987",,,,https://imppa.org/member-directory/,40.121237,-87.234872,zip-centroid
IMPPA,imppa-processor-79,processor,Project Ribeye,Nelson Schoon,219-309-7979,nschoon@comcast.net,,352 Deerfield Rd.,Valparaiso,IN,46383,"352 Deerfield Rd. Valparaiso, IN 46383",,,,https://imppa.org/member-directory/,41.484207115905,-87.006391668861,census-exact
IMPPA,imppa-processor-80,processor,Rice Quality Farm Meats Inc.,Tim Rice,812-829-4562,tim@ricequalityfarmmeats.com,,1294 Freeman Rd.,Spencer,IN,47460,"1294 Freeman Rd. Spencer, IN 47460",,,,https://imppa.org/member-directory/,39.263551586953,-86.745754755981,census-exact
IMPPA,imppa-processor-81,processor,Rihm Foods,Joe Rihm,765-478-3426,jrihm84@yahoo.com,,P.O. Box 148,Cambridge City,IN,47327,"P.O. Box 148 Cambridge City, IN 47327",,,,https://imppa.org/member-directory/,39.833542,-85.17883,zip-centroid
IMPPA,imppa-processor-82,processor,Royal Center Locker Plant Inc.,Steve Layer,574-643-3031,,,P.O. Box 250,Royal Center,IN,46978,"P.O. Box 250 Royal Center, IN 46978",,,,https://imppa.org/member-directory/,40.858704,-86.511134,zip-centroid
IMPPA,imppa-processor-83,processor,Sander Processing,Kent Sander,812-481-0044,sanderprocessing@frontier.com sfmm@sanderprocessing.com,,P.O. Box 68,Celestine,IN,47521,"P.O. Box 68 Celestine, IN 47521",,,,https://imppa.org/member-directory/,38.408491,-86.721023,zip-centroid
IMPPA,imppa-processor-84,processor,Stockyards Packing Co. LLC,Andrew Korb,513-312-0648,andy.korb@theyardsoh.com,,6365 College Corner Pike,Oxford,OH,45056,"6365 College Corner Pike Oxford, OH 45056",,,,https://imppa.org/member-directory/,39.545438085558,-84.791371707588,census-exact
IMPPA,imppa-processor-85,processor,The Butcher Block Inc.,Diana Reed,219-696-9111,d.burns.reed@gmail.com,,17918 Grant Pl Rt# 55,Lowell,IN,46356,"17918 Grant Pl Rt# 55 Lowell, IN 46356",,,,https://imppa.org/member-directory/,41.293246861927,-87.353778525627,census-approx
IMPPA,imppa-processor-86,processor,"This Old Farm, Inc.",Jessica Roosa,765-918-2684,jessica@thisoldfarminc.com,,7206 N 950 E,Darlington,IN,47940,"7206 N 950 E Darlington, IN 47940",,,,https://imppa.org/member-directory/,40.146462794634,-86.720781255477,census-exact
IMPPA,imppa-processor-87,processor,Trackside Butcher Shoppe,John Edwards,502-532-3015,office@tracksidebutchershoppe.com,,,Campbellsburg,KY,40111,"Campbellsburg, KY 40111",,,,https://imppa.org/member-directory/,37.785507,-86.619578,zip-centroid
IMPPA,imppa-processor-88,processor,"Two Rivers Fisheries, Inc.",Jeff Smith,270-335-5488,jeff.smith@tworiversfisheries.com,,1148 Wickliffe Rd.,Wickliffe,KY,42023,"1148 Wickliffe Rd. Wickliffe, KY 42023",,,,https://imppa.org/member-directory/,36.969038753463,-89.066101558795,census-approx
IMPPA,imppa-processor-89,processor,Uncle Charlie's Meats,Keith Schlosser,859-623-1967,keith@unclecharliesmeats.com,,406 N. Estill Ave.,Richmond,KY,40475,"406 N. Estill Ave. Richmond, KY 40475",,,,https://imppa.org/member-directory/,37.749590432077,-84.283029475298,census-exact
IMPPA,imppa-processor-90,processor,Wabash Clay Custom Meats Inc.,Nikki Bennett,812-939-3113,nikki@wabashclay.com michaelb@wabashclay.com,,991 W. St. Rd. 246,Clay City,IN,41841,"991 W. St. Rd. 246 Clay City, IN 41841",,,,https://imppa.org/member-directory/,39.284841592654,-87.092009561033,census-approx
IMPPA,imppa-processor-91,processor,Winchester Custom Meats,Cody Davis,765-305-0760,winchestercustommeats1@gmail.com,,1625 E. 300 S.,Winchester,IN,47394,"1625 E. 300 S. Winchester, IN 47394",,,,https://imppa.org/member-directory/,40.121053500949,-84.946199633393,census-exact
IMPPA,imppa-processor-92,processor,WW Locker,Eric Lopshire,260-344-3400,temlop@hotmail.com,,8896 W. 600 N.,Andrews,IN,46702,"8896 W. 600 N. Andrews, IN 46702",,,,https://imppa.org/member-directory/,40.915066604267,-85.620944604806,census-exact
IMPPA,imppa-processor-93,processor,Wood Farms Premium Meats LLC,Dennis Wood,260-433-6878,denniswood81@gmail.com,,11402 Indianapolis Rd.,Ft. Wayne,IN,46809,"11402 Indianapolis Rd. Ft. Wayne, IN 46809",,,,https://imppa.org/member-directory/,40.978922764816,-85.217973892146,census-exact
IMPPA,imppa-processor-94,processor,"Yoder's Meat & Cheese Co., Inc.",Robert Yoder,260-768-4715,ymc@yodersmeatandcheese.com,,435 S. Van Buren,Shipshewana,IN,46565,"435 S. Van Buren Shipshewana, IN 46565",,,,https://imppa.org/member-directory/,41.670885243683,-85.580451235854,census-approx
IMPPA,imppa-supplier-95,supplier,Accord Financial Group,Ian Liddell,513-293-4480,iliddell@4sfg.com,,6341 Eagle Ct.,Mason,OH,45040,"6341 Eagle Ct. Mason, OH 45040",,,,https://imppa.org/member-directory/,39.297668706073,-84.33910015424,census-exact
IMPPA,imppa-supplier-96,supplier,"AC Legg, Inc.",Tom Bonner,205-628-2039,tom.bonner@aclegg.com,,P.O. Box 709,Calera,AL,35040,"P.O. Box 709 Calera, AL 35040",,,,https://imppa.org/member-directory/,33.102967,-86.728894,zip-centroid
IMPPA,imppa-supplier-97,supplier,"Alaniz Law & Associates, P.L.L.C.",Richard Ananiz,281-833-2200,ralaniz@alaniz-law.com,,"20333 State Why 249, Ste. 272",Houston,TX,77070,"20333 State Why 249, Ste. 272 Houston, TX 77070",,,,https://imppa.org/member-directory/,29.979455,-95.573317,zip-centroid
IMPPA,imppa-supplier-98,supplier,Alliance Analytical Lab,Peter Nielson,616-837-7670,jeremy@aatestlabs.com,,179 W. Randall St.,Coopersville,MI,49404,"179 W. Randall St. Coopersville, MI 49404",,,,https://imppa.org/member-directory/,43.05993714669,-85.931665478692,census-approx
IMPPA,imppa-supplier-99,supplier,"Associated Packaging, Inc.",Matt Godden,317-701-3736,mgodden@associatedpackaging.com,,14050 Springmill Ponds Circle,Carmel,IN,46032,"14050 Springmill Ponds Circle Carmel, IN 46032",,,,https://imppa.org/member-directory/,39.996998520371,-86.161721235486,census-exact
IMPPA,imppa-supplier-100,supplier,"Austin Brown Company, Inc.",Douglas Brown,513-492-7933,doug@austinbrownco.com,,300 Reading Rd.,Mason,OH,45040,"300 Reading Rd. Mason, OH 45040",,,,https://imppa.org/member-directory/,39.358594722713,-84.314069649571,census-exact
IMPPA,imppa-supplier-101,supplier,"Berkel Midwest Sales & Service, Inc.",Thomas Floyd,708-293-0500,thomas@berkelmidwest.com,,4900 West 128th Pl,Alsip,IL,60803,"4900 West 128th Pl Alsip, IL 60803",,,,https://imppa.org/member-directory/,41.658671686419,-87.740745298501,census-exact
IMPPA,imppa-supplier-102,supplier,BIP Supply,Bob Taylor,765-292-2403,bip@ccrtc.com,,P.O. Box 227,Atlanta,IN,46031,"P.O. Box 227 Atlanta, IN 46031",,,,https://imppa.org/member-directory/,40.203688,-86.009558,zip-centroid
IMPPA,imppa-supplier-103,supplier,Biro Manufacturing Company,Skip Muir,419-798-4451,sales@birosaw.com skipm@birosaw.com,,1114 West Main St.,Marblehead,OH,43440,"1114 West Main St. Marblehead, OH 43440",,,,https://imppa.org/member-directory/,41.539571994675,-82.737003643922,census-exact
IMPPA,imppa-supplier-104,supplier,Bunzl Processor Division/ Koch Supplies,Joel Kennon,800-456-5624,joel.kennon@bunzlusa.com,,5710 NW 41st St.,Riverside,MO,64150,"5710 NW 41st St. Riverside, MO 64150",,,,https://imppa.org/member-directory/,39.172175,-94.632499,zip-centroid
IMPPA,imppa-supplier-105,supplier,Bush Brothers,Mark Bush,217-344-1111,,,1111 W. Eads,Urbana,IL,61801,"1111 W. Eads Urbana, IL 61801",,,,https://imppa.org/member-directory/,40.123159582654,-88.223373642449,census-approx
IMPPA,imppa-supplier-106,supplier,Coloma Frozen Foods,Eric MacLeod,269-849-0500,EricM@colomafrozen.com,,4145 Coloma Rd.,Coloma,MI,49038,"4145 Coloma Rd. Coloma, MI 49038",,,,https://imppa.org/member-directory/,42.186226319172,-86.358628968646,census-exact
IMPPA,imppa-supplier-107,supplier,Covington Box and Packaging,Mike Rogers,260-837-2000,mrogers@covingtonbox.com,,950 West Union St.,Waterloo,IN,46793,"950 West Union St. Waterloo, IN 46793",,,,https://imppa.org/member-directory/,41.452285,-85.01529,zip-centroid
IMPPA,imppa-supplier-108,supplier,CRM North America,Gino Pintore,847-916-2051,crm@crmnorthamerica.com,,2308 17th Ave.,Franklin Park,IL,60131,"2308 17th Ave. Franklin Park, IL 60131",,,,https://imppa.org/member-directory/,41.920226461756,-87.855522648422,census-approx
IMPPA,imppa-supplier-109,supplier,"Culler Consulting, LLC",Robert Culler,616-666-0495,cullerhome@sbcglobal.net,,1483 Laurel Oak Dr.,Avon,IN,46123,"1483 Laurel Oak Dr. Avon, IN 46123",,,,https://imppa.org/member-directory/,39.782747983382,-86.40571570283,census-exact
IMPPA,imppa-supplier-110,supplier,Daily Laboratories,Lisa Strickland,309-691-4513,dailylab@gmail.com,,2200 W. Altorfer Dr. Ste. B,Peoria,IL,61615,"2200 W. Altorfer Dr. Ste. B Peoria, IL 61615",,,,https://imppa.org/member-directory/,40.787338175276,-89.626425814443,census-approx
IMPPA,imppa-supplier-111,supplier,Daniels Food Equipment,Mark Thoennes,218-338-5000,danielsfood@midwestinfo.net,,P.O. Box 341,Parkers Prairie,MN,56361,"P.O. Box 341 Parkers Prairie, MN 56361",,,,https://imppa.org/member-directory/,46.160236,-95.332488,zip-centroid
IMPPA,imppa-supplier-112,supplier,Darling Ingredients Inc.,Jim Hollenbaugh,317-784-4486,jhollenbaugh@darlingii.com,,700 W. Southern Ave.,Indianapolis,IN,46225,"700 W. Southern Ave. Indianapolis, IN 46225",,,,https://imppa.org/member-directory/,39.729652483435,-86.171221579992,census-exact
IMPPA,imppa-supplier-113,supplier,Enviro-Pak,Patrick Martini,503-655-7044,sales@enviro-pak.com,,P.O. Box 1569,Clackamas,OR,97015,"P.O. Box 1569 Clackamas, OR 97015",,,,https://imppa.org/member-directory/,45.416832,-122.533128,zip-centroid
IMPPA,imppa-supplier-114,supplier,Excalibur Seasoning Co. Ltd.,Bob Andorfer,800-444-2169,sales@excaliburseasoning.com,,1800 Riverway Dr.,Pekin,IL,61554,"1800 Riverway Dr. Pekin, IL 61554",,,,https://imppa.org/member-directory/,40.545546282992,-89.658478414934,census-exact
IMPPA,imppa-supplier-115,supplier,G.A. Wintzer & Son Co.,Kirk Azbell,800-331-1801,kirk@gawintzer.com,,204 W. Auglaize St.,Wapakoneta,OH,45895,"204 W. Auglaize St. Wapakoneta, OH 45895",,,,https://imppa.org/member-directory/,40.570701935887,-84.196248397197,census-exact
IMPPA,imppa-supplier-116,supplier,George Lapsley Enterprises,George Lapsley,267-221-2426,glapsley@comcast.net,,4988 B. Rolling Glen Dr.,Pipersville,PA,18947,"4988 B. Rolling Glen Dr. Pipersville, PA 18947",,,,https://imppa.org/member-directory/,40.422899,-75.117839,zip-centroid
IMPPA,imppa-supplier-117,supplier,"Globe Casings, Inc.",Anna Morris,513-324-0184,anna@globecasing.com,,368 Paterson Plank Rd.,Carlstadt,NJ,07072,"368 Paterson Plank Rd. Carlstadt, NJ 07072",,,,https://imppa.org/member-directory/,40.820101575808,-74.068725373068,census-exact
IMPPA,imppa-supplier-118,supplier,"Herd Pack, LLC",Matthew Gibson,812-297-1312,matt@herdpack.com,,223 Quality Pl.,Corydon,IN,47112,"223 Quality Pl. Corydon, IN 47112",,,,https://imppa.org/member-directory/,38.248559621694,-86.129381869499,census-approx
IMPPA,imppa-supplier-119,supplier,High Plains Frontier Supply LLC,Dawn & Donovan Daws,970-776-9881,dawn@highplainssupply.com,,P.O. Box 2640,Loveland,CO,80539,"P.O. Box 2640 Loveland, CO 80539",,,,https://imppa.org/member-directory/,,,
IMPPA,imppa-supplier-120,supplier,Hobart/Glosson Food Equipment,John Glosson,260-478-1658,johng@glossonfoodequip.com,,6110 Bluffton Rd. Ste. 208,Fort Wayne,IN,46809,"6110 Bluffton Rd. Ste. 208 Fort Wayne,IN 46809",,,,https://imppa.org/member-directory/,41.030316747332,-85.166597057724,census-exact
IMPPA,imppa-supplier-121,supplier,Indiana Beef Cattle Association,Joe Moore,317-293-2333,jmoore@indianabeef.org,,"8425 Keystone Crossing, Ste. 240",Indianapolis,IN,46240,"8425 Keystone Crossing, Ste. 240 Indianapolis, IN 46240",,,,https://imppa.org/member-directory/,39.909977228378,-86.115169964165,census-exact
IMPPA,imppa-supplier-122,supplier,Indiana Farm Bureau Unc.,Colette Childress,317-692-7886,cchildress@infb.org,,P.O. Box 1290,Indianapolis,IN,46206,"P.O. Box 1290 Indianapolis, IN 46206",,,,https://imppa.org/member-directory/,39.760267,-86.161071,zip-centroid
IMPPA,imppa-supplier-123,supplier,Indiana Pork,Josh Trenary,317-872-7500,jtrenary@inpork.org,,"8425 Keystone Crossing, Ste. 200",Indianapolis,IN,46240,"8425 Keystone Crossing, Ste. 200 Indianapolis, IN 46240",,,,https://imppa.org/member-directory/,39.909977228378,-86.115169964165,census-exact
IMPPA,imppa-supplier-124,supplier,Indiana State Department of Agriculture,David Coates,317-517-7529,dcoates@isda.in.gov,,"One North Capitol Ave., Ste 600",Indianapolis,IN,46204,"One North Capitol Ave., Ste 600 Indianapolis, IN 46204",,,,https://imppa.org/member-directory/,39.767214168682,-86.16164334498,census-exact
IMPPA,imppa-supplier-125,supplier,International Collagen Resource,Jennifer Zetah,507-799-0092,sales@intcollagen.com,,249 Sandstone Dr. NW,Eyota,MN,55934,"249 Sandstone Dr. NW Eyota, MN 55934",,,,https://imppa.org/member-directory/,43.997622787825,-92.244694358756,census-exact
IMPPA,imppa-supplier-126,supplier,Jarvis Products Corporation,Jon Jarvis,860-347-7271,sales@jarvisproducts.com,,33 Anderson Rd.,Middletown,CT,06457,"33 Anderson Rd. Middletown, CT 06457",,,,https://imppa.org/member-directory/,41.51709919108,-72.67739794207,census-exact
IMPPA,imppa-supplier-127,supplier,Kent Butchers' Supply Company,Ben DeMots,616-534-4050,ben@kbsmi.com,,4265 Spartan Ind. Dr.,Grandville,MI,49468,"4265 Spartan Ind. Dr. Grandville, MI 49468",,,,https://imppa.org/member-directory/,42.886352511028,-85.736135068328,census-approx
IMPPA,imppa-supplier-128,supplier,Kerres USA,Tom Springman,570-279-2989,tom@kerresusa.com,,140 Choate Circle,Montoursville,PA,17754,"140 Choate Circle Montoursville, PA 17754",,,,https://imppa.org/member-directory/,41.248895899499,-76.892281517999,census-exact
IMPPA,imppa-supplier-129,supplier,Kwalyti Tooling & Machinery Rebuild,Gordon Erickson,630-761-8040,info@kwalyti.com,,1690 E. Fabyan Parkway,Batavia,IL,60510,"1690 E. Fabyan Parkway Batavia, IL 60510",,,,https://imppa.org/member-directory/,41.869014958706,-88.272173742162,census-exact
IMPPA,imppa-supplier-130,supplier,Lanzarini Cutlery,Michael O'Neill,314-435-9504,,,20151 CR 1230,St. James,MO,65559,"20151 CR 1230 St. James, MO 65559",,,,https://imppa.org/member-directory/,38.096321623769,-91.529922639611,census-exact
IMPPA,imppa-supplier-131,supplier,Linker Machines,Michael Hebrank,973-983-0001,mhebrank@linkermachines.com sales@linkermachines.com,,20 Pine St.,Rockaway,NJ,07866,"20 Pine St. Rockaway, NJ 07866",,,,https://imppa.org/member-directory/,40.905140616168,-74.503736062365,census-exact
IMPPA,imppa-supplier-132,supplier,"Madgetech, Inc.",Meredity Orbacz,603-456-2011,info@madgetech.com meredity@madgetech.com,,6 Warner Rd.,Warner,NH,03278,"6 Warner Rd. Warner, NH 03278",,,,https://imppa.org/member-directory/,43.247148342019,-71.745164627235,census-exact
IMPPA,imppa-supplier-133,supplier,Mainca USA,Dale Schmidt,1-877-677-7761 314-351-4677,dale@maincausa.com,,8064 Chivvis Drive,St. Louis,MO,63123,"8064 Chivvis Drive St. Louis, MO 63123",,,,https://imppa.org/member-directory/,38.565252856368,-90.330163922946,census-exact
IMPPA,imppa-supplier-134,supplier,Mar/Co Sales Inc.,David Downs,800-552-9237,dave@marcosalesmn.com,,11972 Riverwood Dr.,Burnsville,MN,55337,"11972 Riverwood Dr. Burnsville, MN 55337",,,,https://imppa.org/member-directory/,44.789220478618,-93.26119542026,census-exact
IMPPA,imppa-supplier-135,supplier,Mark Schad Online,Mark Schad,305-509-3382,mark@markschadonline.com,,16027 Mist Flower Dr.,Alva,FL,33920,"16027 Mist Flower Dr. Alva, FL 33920",,,,https://imppa.org/member-directory/,26.691331388365,-81.694701802552,census-approx
IMPPA,imppa-supplier-136,supplier,McCarthy Food Equipment,Kevin Valenti,317-257-7391,mfe.kevin@yahoo.com mcfoodequipment@cs.com,,2103 W. 58th St.,Indianapolis,IN,46228,"2103 W. 58th St. Indianapolis, IN 46228",,,,https://imppa.org/member-directory/,39.859476765109,-86.199324787284,census-exact
IMPPA,imppa-supplier-137,supplier,Meat Order Pro,Jackie Lingg,920-993-1077,jackie@evolvemgmtsol.com,,513 W. College Ave. Ste. 410,Appleton,WI,54914,"513 W. College Ave. Ste. 410 Appleton, WI 54914",,,,https://imppa.org/member-directory/,44.261763502854,-88.412336894946,census-approx
IMPPA,imppa-supplier-138,supplier,Midwest Perishable Industries,Ian Gilberts,608-268-3883,igilberts@mpi1.com,,4850 Helgesen Dr.,Madison,WI,53718,"4850 Helgesen Dr. Madison, WI 53718",,,,https://imppa.org/member-directory/,43.066109573221,-89.299076717408,census-exact
IMPPA,imppa-supplier-139,supplier,Miller Scales & Food Machines,Shaun Blake,260-482-1548,srb@millerscales.com,,3911 Mobile Ave.,Ft. Wayne,IN,46805,"3911 Mobile Ave. Ft. Wayne, IN 46805",,,,https://imppa.org/member-directory/,41.113268956327,-85.143877356887,census-exact
IMPPA,imppa-supplier-140,supplier,Multivac,John Powers Rich Gardner,847-271-7774,john.powers@multivac.com,,"2400 Ogden Ave., Suite 120",Lisle,IL,60532,"2400 Ogden Ave., Suite 120 Lisle, IL 60532",,,,https://imppa.org/member-directory/,41.789443,-88.083984,zip-centroid
IMPPA,imppa-supplier-141,supplier,Nu Spice,Chris Helton,636-639-0458,chelton@nu-spice.com,,20 Potash Rd.,Iakland,NJ,07436,"20 Potash Rd. Iakland, NJ 07436",,,,https://imppa.org/member-directory/,41.009482379369,-74.237960334006,census-approx
IMPPA,imppa-supplier-142,supplier,"Patty Processing, Inc.",Sherry Simmons,574-935-8439,sherry@pattypaper.com,,1955 N. Oak Dr.,Plymouth,IN,46563,"1955 N. Oak Dr. Plymouth, IN 46563",,,,https://imppa.org/member-directory/,41.358374090389,-86.328936276177,census-approx
IMPPA,imppa-supplier-143,supplier,Phenix Specialty Films LLC,Rich Henderson,888-244-2970,admin@psfpkg.com,,11600 Nobles Chapel Rd.,Elberfeld,IN,47613,"11600 Nobles Chapel Rd. Elberfeld, IN 47613",,,,https://imppa.org/member-directory/,38.172695100604,-87.456759730318,census-exact
IMPPA,imppa-supplier-144,supplier,Piazza Produce,Maddie Holm,765-309-2091,mholm@piazzaproduce.com mpieper@piazzaproduce.com,,5941 W. 82nd St.,Indianapolis,IN,46278,"5941 W. 82nd St. Indianapolis, IN 46278",,,,https://imppa.org/member-directory/,39.90212028055,-86.265124827887,census-exact
IMPPA,imppa-supplier-145,supplier,Poly-clip System,Mike Sullivan,847-949-2800,m.sullivan@polyclip.us,,1000 Tower Rd.,Mundelein,IL,60060,"1000 Tower Rd. Mundelein, IL 60060",,,,https://imppa.org/member-directory/,42.248610109191,-87.987495596451,census-exact
IMPPA,imppa-supplier-146,supplier,PreciPak,Gilbert Williams IV,847-949-2800,gilbert.williams@precipak.us,,1000 Tower Rd.,Mundelein,IL,60060,"1000 Tower Rd. Mundelein, IL 60060",,,,https://imppa.org/member-directory/,42.248610109191,-87.987495596451,census-exact
IMPPA,imppa-supplier-147,supplier,PS Seasoning & Spices/ Pro Smoker N Roaster/ Vortron,Patrick Betts,920-387-5255,pbetts@psseasoning.com,,216 W. Pleasant St.,Iron Ridge,WI,53035,"216 W. Pleasant St. Iron Ridge, WI 53035",,,,https://imppa.org/member-directory/,43.399402381893,-88.53610667442,census-exact
IMPPA,imppa-supplier-148,supplier,"Quality Casing Co., Inc",Pat Darpel,300-328-8701,pdarpel@qualitycasing.com,,P.O. Box 229,Hebron,KY,41048,"P.O. Box 229 Hebron, KY 41048",,,,https://imppa.org/member-directory/,39.087014,-84.703829,zip-centroid
IMPPA,imppa-supplier-149,supplier,Refrigeration Design of Indiana,,317-498-3435,tcouch@coolingdesign.com,,319 E. 350 S.,Rushville,IN,46173,"319 E. 350 S. Rushville, IN 46173",,,,https://imppa.org/member-directory/,39.56136728704,-85.438888242823,census-exact
IMPPA,imppa-supplier-150,supplier,Reichert Spice,,,,,,,IN,,,,,,https://imppa.org/member-directory/,,,
IMPPA,imppa-supplier-151,supplier,Reiser,Mitch Crawford,781-856-9357,mcrawford@reiser.com,,431 William Wallace Dr.,Franklin,TN,37064,"431 William Wallace Dr. Franklin, TN 37064",,,,https://imppa.org/member-directory/,35.887804832673,-86.863160430361,census-exact
IMPPA,imppa-supplier-152,supplier,Reiser,Mike Gotkowski,781-690-5003,mgotkowski@reiser.com,,9148 Westdrum Ct.,Indianapolis,IN,46231,"9148 Westdrum Ct. Indianapolis, IN 46231",,,,https://imppa.org/member-directory/,39.755788093354,-86.325124310912,census-exact
IMPPA,imppa-supplier-153,supplier,Risco,,508-230-3336,,,60 Bristol Dr.,So. Easton,MA,02375,"60 Bristol Dr. So. Easton, MA 02375",,,,https://imppa.org/member-directory/,42.046537791749,-71.073496188826,census-exact
IMPPA,imppa-supplier-154,supplier,"ScottPec, Inc.",Jon Frohling,303-823-5839,jon@scottpec.com,,P.O. Box 550,Box Elder,SD,57719,"P.O. Box 550 Box Elder, SD 57719",,,,https://imppa.org/member-directory/,44.231201,-102.994377,zip-centroid
IMPPA,imppa-supplier-155,supplier,Silver-Clip,Mike Prokurat,734-354-6551,sales@silver-clip.com,,41287 Vincenti Court,Novi,MI,48375,"41287 Vincenti Court Novi, MI 48375",,,,https://imppa.org/member-directory/,42.478772230301,-83.453748695771,census-exact
IMPPA,imppa-supplier-156,supplier,Standard Fertilizer Company,Joey Roberts,812-663-8391,joey@standardfertilizer.com,,2006 S. Country Rd. 60 SW,Greensburg,IN,47240,"2006 S. Country Rd. 60 SW Greensburg, IN 47240",,,,https://imppa.org/member-directory/,39.306027,-85.478417,zip-centroid
IMPPA,imppa-supplier-157,supplier,Surface Solutions,Tammy Gravelie,317-388-8000,tammy@surfacesolutionsusa.com,,5693 W. 73rd St.,Indianapolis,IN,46278,"5693 W. 73rd St. Indianapolis, IN 46278",,,,https://imppa.org/member-directory/,39.884858357092,-86.261171694875,census-exact
IMPPA,imppa-supplier-158,supplier,TemPac LLC,Robin Bacopoulos,800-482-7225,robin@tempac.net,,5590 Lauby Rd. Suite 10,North Canton,OH,44720,"5590 Lauby Rd. Suite 10 North Canton, OH 44720",,,,https://imppa.org/member-directory/,40.907048668869,-81.430703881114,census-exact
IMPPA,imppa-supplier-159,supplier,"Treif USA, Inc.",Richard Repollet Cornelia Bischoff,203-929-9930,richard.repollet@marel.com cornelia.bischoff@marel.com,,50 Waterview Dr.,Middletown,CT,06457,"50 Waterview Dr. Middletown, CT 06457",,,,https://imppa.org/member-directory/,41.544209,-72.657501,zip-centroid
IMPPA,imppa-supplier-160,supplier,Troyer Foods,Shelly Rassi,571-533-0302,shellyr@troyers.com,,17141 St. Rd. 4,Goshen,IN,46528,"17141 St. Rd. 4 Goshen, IN 46528",,,,https://imppa.org/member-directory/,41.600525,-85.784864,zip-centroid
IMPPA,imppa-supplier-161,supplier,Troyer Foods,John Crites,574-535-8242,john.crites@troyers.com,,P.O. Box 608,Goshen,IN,46527,"P.O. Box 608 Goshen, IN 46527",,,,https://imppa.org/member-directory/,,,
IMPPA,imppa-supplier-162,supplier,UltraSource LLC,Pat Brune,816-753-2150,info@ultrasourceusa.com,,1414 W. 29th St.,Kansas City,MO,64108,"1414 W. 29th St. Kansas City, MO 64108",,,,https://imppa.org/member-directory/,39.075158789577,-94.601307045419,census-exact
IMPPA,imppa-supplier-163,supplier,UW Provision,Nick Marron,608-836-7421 X3167,nick.marron@uwprovision.com,,2315 Pleasant View Rd.,Middletan,WI,53562,"2315 Pleasant View Rd. Middletan, WI 53562",,,,https://imppa.org/member-directory/,43.115952,-89.543473,zip-centroid
IMPPA,imppa-supplier-164,supplier,VC999,Amy Moyer,816-728-2999,marketing@vc999.com,,419 E. 11th Ave.,North Kansas City,MO,64116,"419 E. 11th Ave. North Kansas City, MO 64116",,,,https://imppa.org/member-directory/,39.128654775985,-94.575507940597,census-exact
IMPPA,imppa-supplier-165,supplier,Viskoteepak,Deya Puente,262-697-6566,deya.puente@viskoteepak.com,,1126 88th Ave. Place,Kenosha,WI,53143,"1126 88th Ave. Place Kenosha, WI 53143",,,,https://imppa.org/member-directory/,42.642583129249,-87.9153311638,census-approx
IMPPA,imppa-supplier-166,supplier,Walton's Inc.,Kurt Carter,800-835-2832,kurt@waltons.com,,3639 N. Comotura,Wichita,KS,67226,"3639 N. Comotura Wichita, KS 67226",,,,https://imppa.org/member-directory/,37.749532068824,-97.237010487437,census-approx
IMPPA,imppa-supplier-167,supplier,"World Pac International USA, Inc.",Dan Hiebing,262-598-0062,info@worldpacusa.com,,P.O. Box 742,Sturtevant,WI,53177,"P.O. Box 742 Sturtevant, WI 53177",,,,https://imppa.org/member-directory/,42.704395,-87.933959,zip-centroid
PAMP,pamp-adlers-market,processor,Adler’s Market,,814-342-1993,,,,,PA,,,,,,https://pameatprocessors.org/business-directory/adlers-market,,,
PAMP,pamp-bryan-garman-slaughtering,processor,Bryan Garman Slaughtering,,717-354-6362,,,,,PA,,,,,,https://pameatprocessors.org/business-directory/bryan-garman-slaughtering,,,
PAMP,pamp-barn-stone-farm,processor,Barn Stone Farm,,267-354-0433,,http://N/A,,,PA,,,,,,https://pameatprocessors.org/business-directory/barn-stone-farm,,,
PAMP,pamp-alex-froehlich-packing-co,processor,Alex Froehlich Packing Co.,,814-535-7694,,http://N/A,,,PA,,,,,,https://pameatprocessors.org/business-directory/alex-froehlich-packing-co,,,
WAMP,wamp-1036,processor,Lake Geneva Country Meats,,262-248-3339,,,5907 50 East,Lake Geneva,WI,53147,"5907 State Road 50 East, Lake Geneva, WI 53147, United States",,,,https://wi-amp.com/membership/operators/,42.558204,-88.451878,zip-centroid
WAMP,wamp-2541,processor,7 Foot Cattle Co.,,608-943-6363,,,11623 80,Livingston,WI,53564,"11623 State Road 80, Livingston, WI 53564",,,,https://wi-amp.com/membership/operators/,,,
WAMP,wamp-544,processor,A Butchery Shoppe,,715-778-5016,,,S422 McKay Avenue,Spring Valley,WI,54767,"S422 McKay Avenue, Spring Valley, Wisconsin 54767, United States",,,,https://wi-amp.com/membership/operators/,44.843218884849,-92.238182856285,census-exact
WAMP,wamp-1039,processor,Adams Meats,,715-754-5136,,,Riverside Road,Pella,WI,54950,"Riverside Road, Pella, Wisconsin 54950, United States",,,,https://wi-amp.com/membership/operators/,44.657215,-88.918084,zip-centroid
WAMP,wamp-1187,processor,Almena Meat Company,,715-357-3592,,,199 P,Almena,WI,54805,"199 County Highway P, Almena, Wisconsin 54805, United States",,,,https://wi-amp.com/membership/operators/,45.412059,-92.023537,zip-centroid
WAMP,wamp-2606,processor,"Avon Locker, INC",,608-776-2336,,,12026 23,Darlington,WI,53530,"12026 State Highway 23, Darlington, Wisconsin 53530, United States",,,,https://wi-amp.com/membership/operators/,42.693554,-90.111658,zip-centroid
WAMP,wamp-1153,processor,Badger Ham,,414-241-4486,,,3521 West Lincoln Avenue,Milwaukee,WI,53215,"3521 West Lincoln Avenue, Milwaukee, Wisconsin 53215, United States",,,,https://wi-amp.com/membership/operators/,43.002969450256,-87.958200684974,census-exact
WAMP,wamp-2923,processor,Barnyard Butchers LLC,,920-464-0565,,,"H, Town of Brothertown",Wisconsin,WI,53014,"County Road H, Town of Brothertown, Wisconsin 53014, United States",,,,https://wi-amp.com/membership/operators/,44.026076,-88.176312,zip-centroid
WAMP,wamp-1157,processor,"Beck's Meat Processing, LLC",,920-589-2104,,,448 Clairville Road,Wisconsin,WI,54904,"448 Clairville Road, Wisconsin 54904, United States",,,,https://wi-amp.com/membership/operators/,43.910108363314,-88.64031178077,census-approx
WAMP,wamp-3227,processor,Black & Sons Butcher Co. LLC,,507-458-1941,,,253 East 3rd ST,Winona,MN,55987,"253 East 3rd ST, Winona, MN 55987",,,,https://wi-amp.com/membership/operators/,44.05079774678,-91.631099006662,census-exact
WAMP,wamp-2535,processor,Black River Meats,,715-229-9272,,,W11593 Maplehurst Lane,Withee,WI,54498,"W11593 Maplehurst Lane, Withee, Wisconsin 54498, United States",,,,https://wi-amp.com/membership/operators/,45.063897520051,-90.636801873495,census-approx
WAMP,wamp-1042,processor,Blair Meat Market,,608-989-2510,,,West 4th Street,Blair,WI,54616,"West 4th Street, Blair, Wisconsin 54616, United States",,,,https://wi-amp.com/membership/operators/,44.311465,-91.213854,zip-centroid
WAMP,wamp-3058,processor,Block 49 Meats,,715-456-1730,,,1418 Main Street,Bloomer,WI,54724,"1418 Main Street, Bloomer, Wisconsin 54724, United States",,,,https://wi-amp.com/membership/operators/,45.102180740909,-91.488741072551,census-exact
WAMP,wamp-1163,processor,Block and Cleaver Artisan Meats,,715-349-7282,,,7991 1st Street,Siren,WI,54872,"7991 1st Street, Siren, Wisconsin 54872, United States",,,,https://wi-amp.com/membership/operators/,45.783735533664,-92.396502323536,census-exact
WAMP,wamp-1045,processor,"Bloomington Meats II, LLC",,608-994-2867,,,117 Prospect Street,Bloomington,WI,53804,"117 Prospect Street, Bloomington, Wisconsin 53804, United States",,,,https://wi-amp.com/membership/operators/,42.882792294859,-90.921531561885,census-exact
WAMP,wamp-1167,processor,Brandon Meats and Sausage Inc,,920-346-2227,,,137 South Commercial Street,Brandon,WI,53919,"137 South Commercial Street, Brandon, Wisconsin 53919, United States",,,,https://wi-amp.com/membership/operators/,43.73460929298,-88.781429012787,census-exact
WAMP,wamp-1047,processor,Bubba's Meats,,608-782-8453,,,1248 Redfield St,La Crosse,WI,54601,"1248 Redfield St, La Crosse, WI 54601, United States",,,,https://wi-amp.com/membership/operators/,43.795050753414,-91.23823738487,census-exact
WAMP,wamp-1174,processor,Bunzel's Meat Market,,414-873-7960,,,9015 West Burleigh Street,Milwaukee,WI,53222,"9015 West Burleigh Street, Milwaukee, Wisconsin 53222, United States",,,,https://wi-amp.com/membership/operators/,43.075032671844,-88.025270735364,census-exact
WAMP,wamp-3039,processor,Burbach's Meat Market,,414-466-3291,,,5308 West Hampton Avenue,Milwaukee,WI,53218,"5308 West Hampton Avenue, Milwaukee, Wisconsin 53218, United States",,,,https://wi-amp.com/membership/operators/,43.104721255653,-87.979193374635,census-exact
WAMP,wamp-1177,processor,Bushy's Meat Market,,715-530-1089,,,35501 5th Street,Independence,WI,54747,"35501 5th Street, Independence, Wisconsin 54747, United States",,,,https://wi-amp.com/membership/operators/,44.356495270554,-91.425411994064,census-exact
WAMP,wamp-1180,processor,Butcher Block 66,,715-344-7622,,,66,Wisconsin,WI,54481,"State Highway 66, Wisconsin 54481, United States",,,,https://wi-amp.com/membership/operators/,44.522502,-89.646137,zip-centroid
WAMP,wamp-2767,processor,Butcher Block Market,,715-669-5217,,,605 North Washington Street,Thorp,WI,54771,"605 North Washington Street, Thorp, Wisconsin 54771, United States",,,,https://wi-amp.com/membership/operators/,44.963978151403,-90.800385874853,census-exact
WAMP,wamp-1173,processor,Cain's Processing,,715-948-6328,,,3505 115th Street,Wisconsin,WI,54837,"3505 115th Street, Wisconsin 54837, United States",,,,https://wi-amp.com/membership/operators/,45.714014760913,-92.397113661773,census-approx
WAMP,wamp-2793,processor,Callahan Meats,,218-493-4290,,,12595 160th Avenue South,Minnesota,WI,56514,"12595 160th Avenue South, Minnesota 56514, United States",,,,https://wi-amp.com/membership/operators/,46.659585889877,-96.534384098504,census-approx
WAMP,wamp-1050,processor,Cedar Wedge Farm,,715-758-2166,,,Wedge Road,Wisconsin,WI,54107,"Wedge Road, Wisconsin 54107, United States",,,,https://wi-amp.com/membership/operators/,44.700663,-88.456942,zip-centroid
WAMP,wamp-2982,processor,Central Sausage,,541-815-9545,,,21430 Morrill Rd,Bend,OR,97701,"21430 Morrill Rd, Bend, Oregon 97701, United States",,,,https://wi-amp.com/membership/operators/,44.159193923252,-121.250958128605,census-exact
WAMP,wamp-1056,processor,Country Pride Meats,,608-676-4181,,,109 Church Street,Clinton,WI,53525,"109 Church Street, Clinton, Wisconsin 53525, United States",,,,https://wi-amp.com/membership/operators/,42.552800641864,-88.865136396685,census-exact
WAMP,wamp-3204,processor,Craig's Meats & Catering LLC,,,,,N9064 162,Mindoro,WI,54644,"N9064 WI 162, Mindoro, WI 54644",,,,https://wi-amp.com/membership/operators/,44.036084,-91.063408,zip-centroid
WAMP,wamp-1052,processor,Crescent Meats,,715-289-3000,,,15332 27,Cadott,WI,54727,"15332 State Highway 27, Cadott, Wisconsin 54727, United States",,,,https://wi-amp.com/membership/operators/,44.953953,-91.159107,zip-centroid
WAMP,wamp-1059,processor,Custom Meats of Marathon Inc,,715-443-3734,,,Main Street,Marathon City,WI,54448,"Main Street, Marathon City, Wisconsin 54448, United States",,,,https://wi-amp.com/membership/operators/,44.93369,-89.831664,zip-centroid
WAMP,wamp-1064,processor,D-D Meat Processing LLC,,920-946-2984,,,W4430 JM,Sheboygan Falls,WI,53085,"W4430 County Road JM, Sheboygan Falls, wi 53085, United States",,,,https://wi-amp.com/membership/operators/,43.732838,-87.855452,zip-centroid
WAMP,wamp-3154,processor,D&G Custom Meat Processing,,608-617-2470,,,51,Poynette,WI,53955,"US Highway 51, Poynette, Wisconsin 53955, United States",,,,https://wi-amp.com/membership/operators/,43.399878,-89.39869,zip-centroid
WAMP,wamp-1166,processor,Daefler's Quality Meats,,715-327-4456,,,201 Oak Street West,Frederic,WI,54837,"201 Oak Street West, Frederic, Wisconsin 54837, United States",,,,https://wi-amp.com/membership/operators/,45.65925706186,-92.470372575717,census-exact
WAMP,wamp-3004,processor,Derks Meats,,715-644-0997,,,33802 115th Ave,Boyd,WI,54726,"33802 115th Ave, Boyd, Wisconsin 54726, United States",,,,https://wi-amp.com/membership/operators/,45.009497165973,-90.98868874173,census-exact
WAMP,wamp-1277,processor,Driftless Provisions LLC,,920-860-0481,,,1201 North Main Street,Wisconsin,WI,54665,"1201 North Main Street, Wisconsin 54665, United States",,,,https://wi-amp.com/membership/operators/,43.531978,-90.928599,zip-centroid
WAMP,wamp-2532,processor,Eastman Locker LLC,,608-874-4331,,,111 Shanghai Ridge Road,Eastman,WI,53826,"111 Shanghai Ridge Road, Eastman, Wisconsin 53826, United States",,,,https://wi-amp.com/membership/operators/,43.166532679021,-91.015697947294,census-approx
WAMP,wamp-1080,processor,Edelman Meats Inc.,,(715) 623-7686,,,1128 1st Avenue,Wisconsin,WI,54409,"1128 1st Avenue, Wisconsin 54409, United States",,,,https://wi-amp.com/membership/operators/,45.14628018344,-89.160570300961,census-approx
WAMP,wamp-1084,processor,Eden Meat Market,,920-477-2711,,,East Main Street,Eden,WI,53019,"East Main Street, Eden, Wisconsin 53019, United States",,,,https://wi-amp.com/membership/operators/,43.696272,-88.302788,zip-centroid
WAMP,wamp-1282,processor,Falls Meat Service,,715-983-2211,,,East Main Street,Pigeon Falls,WI,54758,"East Main Street, Pigeon Falls, Wisconsin 54758, United States",,,,https://wi-amp.com/membership/operators/,44.557919,-91.216522,zip-centroid
WAMP,wamp-3183,processor,Farm Country Butchery,,715-532-5063,,,RoadN2559 Market Rd,Conrath,WI,54731,"Market RoadN2559 Market Rd, Conrath, Wisconsin 54731, United States",,,,https://wi-amp.com/membership/operators/,45.349837,-91.090398,zip-centroid
WAMP,wamp-1285,processor,Farm Market at SCF LLC,,715-933-0158,,,19533 40,Wisconsin,WI,54724,"19533 State Highway 40, Wisconsin 54724, United States",,,,https://wi-amp.com/membership/operators/,45.107813,-91.484409,zip-centroid
WAMP,wamp-2549,processor,Fox Bros. Piggly Wiggly,,262-644-5281,,,1566 E Sumner St,Hartford,WI,53027,"1566 E Sumner St, Hartford, WI 53027",,,,https://wi-amp.com/membership/operators/,43.317711682271,-88.350350782589,census-exact
WAMP,wamp-1291,processor,Fox Heritage Farms,,608-283-9500,,,895 19th Street,Village of Prairie du Sac,WI,53578,"895 19th Street, Village of Prairie du Sac, Wisconsin 53578, United States",,,,https://wi-amp.com/membership/operators/,43.296539490214,-89.742578615427,census-approx
WAMP,wamp-1928,processor,Fraboni's,,608-222-6632,,,Owen Road,Monona,WI,53716,"Owen Road, Monona, Wisconsin 53716, United States",,,,https://wi-amp.com/membership/operators/,43.065149,-89.315015,zip-centroid
WAMP,wamp-1295,processor,Frickin A Bar & Grill,,715-654-6510,,,W1302 A,Dorchester,WI,54425,"W1302 County Rd A, Dorchester, Wisconsin 54425, United States",,,,https://wi-amp.com/membership/operators/,45.006782,-90.341083,zip-centroid
WAMP,wamp-728,processor,"Gehrings Meat Market, Inc",,262-644-6272,,,5618 K,Wisconsin,WI,53027,"5618 County Road K, Wisconsin 53027, United States",,,,https://wi-amp.com/membership/operators/,43.316267,-88.371075,zip-centroid
WAMP,wamp-731,processor,"Geiss Meat Service, LLC",,+17155365283,,,Lake Shore Drive,Wisconsin,,,"Lake Shore Drive, Wisconsin, United States",,,,https://wi-amp.com/membership/operators/,,,
WAMP,wamp-1299,processor,Gempeler's Supermarket,,608-938-4927,,,219 North Main Street,Monticello,WI,53570,"219 North Main Street, Monticello, Wisconsin 53570, United States",,,,https://wi-amp.com/membership/operators/,42.74729924573,-89.59441470584,census-exact
WAMP,wamp-1304,processor,Glenn's Market & Catering,,920-261-2226,,,722 West Main Street,Watertown,WI,53094,"722 West Main Street, Watertown, Wisconsin 53094, United States",,,,https://wi-amp.com/membership/operators/,43.195487755084,-88.734303572388,census-exact
WAMP,wamp-1302,processor,Haen Meats,,920-766-3239,,,600 KK,Kaukauna,WI,54130,"600 County Road KK, Kaukauna, Wisconsin 54130",,,,https://wi-amp.com/membership/operators/,44.311017,-88.244079,zip-centroid
WAMP,wamp-1310,processor,Hansen's IGA Smokehouse,,608-486-2049,,,1800 162,Bangor,WI,54614,"1800 State Highway 162, Bangor, Wisconsin 54614, United States",,,,https://wi-amp.com/membership/operators/,43.904941,-90.952842,zip-centroid
WAMP,wamp-2643,processor,Harry Hansen Meat Service LLC,,262-835-9510,,,Northwestern Avenue,Wisconsin,WI,53126,"Northwestern Avenue, Wisconsin 53126, United States",,,,https://wi-amp.com/membership/operators/,42.794482,-87.997744,zip-centroid
WAMP,wamp-1318,processor,Hauber Brand Meats,,608-568-7579,,,125 North Main,Dickeyville,WI,53808,"125 North Main, Dickeyville, Wisconsin 53808, United States",,,,https://wi-amp.com/membership/operators/,42.627699886218,-90.592492039279,census-approx
WAMP,wamp-1321,processor,Headings Family Meats,,715-659-4000,,,C,Spencer,WI,54479,"County Road C, Spencer, Wisconsin 54479, United States",,,,https://wi-amp.com/membership/operators/,44.750611,-90.331989,zip-centroid
WAMP,wamp-1327,processor,"Hickory Hills Country Meats, LLC",,920-849-2618,,,2571 Hickory Hills Road W,Wisconsin,WI,53014,"W 2571 Hickory Hills Road, Wisconsin 53014, United States",,,,https://wi-amp.com/membership/operators/,44.026076,-88.176312,zip-centroid
WAMP,wamp-2778,processor,Hillcrest Meats,,920-516-7405,,,3180 Volk Lane,Wisconsin,WI,54153,"3180 Volk Lane, Wisconsin 54153, United States",,,,https://wi-amp.com/membership/operators/,44.957703881893,-87.920894509186,census-approx
WAMP,wamp-1324,processor,His Meat Company,,715-435-3250,,,,,WI,,"Wisconsin, United States",,,,https://wi-amp.com/membership/operators/,,,
WAMP,wamp-1330,processor,Hoesly's Meats,,608-527-2513,,,219 Industrial Drive,Wisconsin,WI,53574,"219 Industrial Drive, Wisconsin 53574, United States",,,,https://wi-amp.com/membership/operators/,42.818517,-89.651825,zip-centroid
WAMP,wamp-3263,processor,Iron Rails Meats,,412-670-2482,,,202 Carriage Ct,Pittsburgh,PA,15238,"202 Carriage Ct, Pittsburgh, PA 15238",,,,https://wi-amp.com/membership/operators/,40.582973008496,-79.887553354854,census-exact
WAMP,wamp-1336,processor,Jim's Meat Market,,715-372-8566,,,68455 District Street,Iron River,WI,54847,"68455 District Street, Iron River, Wisconsin 54847, United States",,,,https://wi-amp.com/membership/operators/,46.566353460074,-91.405238681805,census-approx
WAMP,wamp-1081,processor,JM Watkins,,715-647-2554,,,,Plum City,WI,54761,"Plum City, Wisconsin 54761, United States",,,,https://wi-amp.com/membership/operators/,44.623236,-92.1783,zip-centroid
WAMP,wamp-2295,processor,Johnson's Sausage Shoppe,,,,,16,Rio,WI,53960,"State Highway 16, Rio, Wisconsin 53960, United States",,,,https://wi-amp.com/membership/operators/,43.426085,-89.235375,zip-centroid
WAMP,wamp-2706,processor,Jones Dairy Farm,,309-798-6305,,,397 Jones Avenue,Wisconsin,WI,53538,"397 Jones Avenue, Wisconsin 53538, United States",,,,https://wi-amp.com/membership/operators/,42.908935,-88.871563,zip-centroid
WAMP,wamp-2086,processor,Karl's Country Market,,262-252-3090,,,N56W15654 Silver Spring Drive,Wisconsin,WI,53051,"N56W15654 Silver Spring Drive, Wisconsin 53051, United States",,,,https://wi-amp.com/membership/operators/,43.119360960536,-88.106026620582,census-approx
WAMP,wamp-2298,processor,Kettle Range Meat Co.,,414-882-7000,,,West State Street,Milwaukee,WI,53208,"West State Street, Milwaukee, Wisconsin 53208, United States",,,,https://wi-amp.com/membership/operators/,43.043979,-87.968096,zip-centroid
WAMP,wamp-2291,processor,KIDFARM LLC/Calanna Specialty Foods,,920-850-4733,,,N3425 Harlow Road,Chilton,WI,53014,"N3425 Harlow Road, Chilton, Wisconsin 53014, United States",,,,https://wi-amp.com/membership/operators/,44.026076,-88.176312,zip-centroid
WAMP,wamp-1345,processor,KONOP Meats Inc,,920-863-5881,,,N2062 AB,Denmark,WI,54208,"N2062 County Road AB, Denmark, Wisconsin 54208, United States",,,,https://wi-amp.com/membership/operators/,44.363565,-87.799595,zip-centroid
WAMP,wamp-2930,processor,"Kountry Pride Farms, Inc.",,920-685-6800,,,8883 21,Town of Rushford,WI,54963,"8883 State Highway 21, Town of Rushford, Wisconsin 54963, United States",,,,https://wi-amp.com/membership/operators/,44.045644,-88.76728,zip-centroid
WAMP,wamp-1351,processor,Leroy Meats & Catering,,920-485-2554,,,85 Washington Street,Horicon,WI,53032,"85 Washington Street, Horicon, Wisconsin 53032, United States",,,,https://wi-amp.com/membership/operators/,43.444054750031,-88.639505909531,census-exact
WAMP,wamp-1354,processor,Lodi Sausage Co.,,608-592-3534,,,South Main Street,Lodi,WI,53555,"South Main Street, Lodi, Wisconsin 53555, United States",,,,https://wi-amp.com/membership/operators/,43.320154,-89.555784,zip-centroid
WAMP,wamp-1103,processor,Louie's Finer Meats,,715-822-4728,,,2025 Superior Avenue,Cumberland,WI,54829,"2025 Superior Avenue, Cumberland, Wisconsin 54829, United States",,,,https://wi-amp.com/membership/operators/,45.546429670877,-92.017257842007,census-exact
WAMP,wamp-2703,processor,Lynn's Custom Meats & Catering LLC,,715-634-0751,,,15695 63,Hayward,WI,54843,"15695 U.S. Hwy 63, Hayward, WI 54843",,,,https://wi-amp.com/membership/operators/,46.016626119975,-91.478722033156,census-approx
WAMP,wamp-1357,processor,Malterer Meats,,920-625-2887,,,N5200 Cedar Road,Iron Ridge,WI,53035,"N5200 Cedar Road, Iron Ridge, Wisconsin 53035, United States",,,,https://wi-amp.com/membership/operators/,43.375399634254,-88.561520954826,census-exact
WAMP,wamp-1360,processor,Maplewood Meats,,920-865-7901,,,4663 Milltown Rd,Green Bay,WI,54155,"4663 Milltown Rd, Green Bay, Wisconsin 54155, United States",,,,https://wi-amp.com/membership/operators/,44.574367896662,-88.161158564721,census-approx
WAMP,wamp-2288,processor,Marchants Foods Inc,,920-825-1244,,,1367 DK,Brussels,WI,54204,"1367 County Road DK, Brussels, Wisconsin 54204, United States",,,,https://wi-amp.com/membership/operators/,44.755474,-87.605318,zip-centroid
WAMP,wamp-2603,processor,Mars Meats,,715-226-2854,,,10th Avenue,Wisconsin,,,"10th Avenue, Wisconsin, United States",,,,https://wi-amp.com/membership/operators/,,,
WAMP,wamp-1363,processor,Meatski's Quality Meats,,920-897-3392,,,W11124 64,Pound,WI,54161,"W11124 State Hwy 64, Pound, Wisconsin 54161, United States",,,,https://wi-amp.com/membership/operators/,45.135186,-88.150639,zip-centroid
WAMP,wamp-2700,processor,Meier's Meat Processing LLC,,920-627-1899,,,,Wisconsin,WI,53083,"Orchard Beach Drive, Wisconsin 53083, United States",,,,https://wi-amp.com/membership/operators/,43.815995,-87.764488,zip-centroid
WAMP,wamp-1366,processor,Merrill Distributing Inc,,715-636-6322,,,2401 East 8th Street,Wisconsin,WI,54452,"2401 East 8th Street, Wisconsin 54452, United States",,,,https://wi-amp.com/membership/operators/,45.186739566225,-89.667094906879,census-approx
WAMP,wamp-2964,processor,Mid-State Technical College,,715-389-7011,,,2600 West 5th Street,Wisconsin,WI,54449,"2600 West 5th Street, Wisconsin 54449, United States",,,,https://wi-amp.com/membership/operators/,44.666387279129,-90.20960509374,census-approx
WAMP,wamp-1369,processor,Miesfelds Triangle Market,,920-565-6328,,,4811 Venture Drive,Wisconsin,WI,53083,"4811 Venture Drive, Wisconsin 53083, United States",,,,https://wi-amp.com/membership/operators/,43.798185929549,-87.772045106789,census-approx
WAMP,wamp-1373,processor,Milling Sausage Inc,,414-645-2677,,,629 South 10th Street,Milwaukee,WI,53204,"629 South 10th Street, Milwaukee, Wisconsin 53204, United States",,,,https://wi-amp.com/membership/operators/,43.024984557796,-87.924011737159,census-exact
WAMP,wamp-1376,processor,Mr. B's Smokehouse Meats,,608-489-6727,,,749 High Avenue,Hillsboro,WI,54634,"749 High Avenue, Hillsboro, Wisconsin 54634, United States",,,,https://wi-amp.com/membership/operators/,43.651418567726,-90.342470339961,census-exact
WAMP,wamp-1553,processor,MRK Foods,,815-623-6328,,,9515 N 2nd Street,Roscoe,IL,61073,"9515 N 2nd Street, Roscoe, Illinois 61073",,,,https://wi-amp.com/membership/operators/,42.398040364123,-89.012409765941,census-exact
WAMP,wamp-2784,processor,Newhall Locker,,319-223-5202,,,19 Main Street,Newhall,IA,52315,"19 Main Street, Newhall, Iowa 52315, United States",,,,https://wi-amp.com/membership/operators/,41.995273989634,-91.967371078653,census-exact
WAMP,wamp-1921,processor,Ney's Premium Meats,,414-254-2664,,,310 East Washington Street,Slinger,WI,53086,"310 East Washington Street, Slinger, Wisconsin 53086, United States",,,,https://wi-amp.com/membership/operators/,43.331182553613,-88.279971402876,census-exact
WAMP,wamp-1382,processor,Nordik Meats,,608-634-4604,,,Three Chimney Road,Wisconsin,WI,54665,"Three Chimney Road, Wisconsin 54665, United States",,,,https://wi-amp.com/membership/operators/,43.531978,-90.928599,zip-centroid
WAMP,wamp-1387,processor,"Northern Trails Meats, LLC",,920-261-7807,,,109 Emerald Street,Wisconsin,WI,53098,"109 Emerald Street, Wisconsin 53098, United States",,,,https://wi-amp.com/membership/operators/,43.198249529971,-88.72369905606,census-approx
WAMP,wamp-1390,processor,Northstar Bison,,715-458-4300,,,Birch Avenue,Cameron,WI,54822,"Birch Avenue, Cameron, Wisconsin 54822, United States",,,,https://wi-amp.com/membership/operators/,45.400937,-91.694413,zip-centroid
WAMP,wamp-1396,processor,Northwoods Locker LLC,,715-948-2554,,,D,Wisconsin,WI,54004,"County Highway D, Wisconsin 54004, United States",,,,https://wi-amp.com/membership/operators/,45.30222,-92.125177,zip-centroid
WAMP,wamp-1399,processor,Nueske's Applewood Smoked Meats,,715-253-4000,,,203 N Genessee Street,Wittenberg,WI,54499,"203 N Genessee Street, Wittenberg, Wisconsin 54499, United States",,,,https://wi-amp.com/membership/operators/,44.827835391543,-89.168825250378,census-approx
WAMP,wamp-2169,processor,Off The Rail Meats,,715-286-2920,,,Ted Anderson Drive,Augusta,WI,54722,"Ted Anderson Drive, Augusta, Wisconsin 54722, United States",,,,https://wi-amp.com/membership/operators/,44.711812,-91.096003,zip-centroid
WAMP,wamp-2084,processor,Old Germantown,,262-345-5961,,,W148N12696 Pleasant View Drive,Wisconsin,WI,53022,"W148N12696 Pleasant View Drive, Wisconsin 53022, United States",,,,https://wi-amp.com/membership/operators/,43.247567723097,-88.093504928559,census-approx
WAMP,wamp-1402,processor,Ole's Up-North Sausage Company,,715-682-1195,,,620 Lake Shore Drive East,Wisconsin,WI,54806,"620 Lake Shore Drive East, Wisconsin 54806, United States",,,,https://wi-amp.com/membership/operators/,46.595176676982,-90.877497811454,census-approx
WAMP,wamp-1924,processor,Otto's Meats,,920-845-2612,,,1683 Adams Street,Luxemburg,WI,54217,"1683 Adams Street, Luxemburg, Wisconsin 54217, United States",,,,https://wi-amp.com/membership/operators/,44.529127480385,-87.70280849786,census-exact
WAMP,wamp-1990,processor,Paulie's Chop Shop,,920-495-8889,,,Rendezvous Road,Wisconsin,WI,54217,"Rendezvous Road, Wisconsin 54217, United States",,,,https://wi-amp.com/membership/operators/,44.548118,-87.717899,zip-centroid
WAMP,wamp-1408,processor,"Pelkin's Smokey Meat Market, LLC",,715-854-3681,,,North 141,Crivitz,WI,,"North US Highway 141, Crivitz, Wisconsin, United States",,,,https://wi-amp.com/membership/operators/,,,
WAMP,wamp-1411,processor,People's Meat Market,,715-592-6328,,,6811 Burr Oak Road,Stevens Point,WI,54481,"6811 Burr Oak Road, Stevens Point, WI 54481",,,,https://wi-amp.com/membership/operators/,44.522502,-89.646137,zip-centroid
WAMP,wamp-1414,processor,Pernat Haase Meats,,920-386-3340,,,Emerald Drive,Wisconsin,WI,53094,"Emerald Drive, Wisconsin 53094, United States",,,,https://wi-amp.com/membership/operators/,43.144017,-88.731994,zip-centroid
WAMP,wamp-2722,processor,Pernat's of Ixonia,,920-261-3105,,,6655 Chestnut Circle,Windsor,WI,53598,"6655 Chestnut Circle, Windsor, Wisconsin 53598, United States",,,,https://wi-amp.com/membership/operators/,43.207505625925,-89.347668054176,census-exact
WAMP,wamp-2285,processor,Peroutkas Meat Processing,,715-623-2227,,,64,Wisconsin,WI,54409,"State Highway 64, Wisconsin 54409, United States",,,,https://wi-amp.com/membership/operators/,45.122181,-89.170872,zip-centroid
WAMP,wamp-2887,processor,"Peterson Craft Meats, Inc.",,715-417-2253,,,2645 30th Avenue,Town of Farmington,WI,54020,"2645 30th Avenue, Town of Farmington, Wisconsin 54020, United States",,,,https://wi-amp.com/membership/operators/,45.253300580097,-92.704247814026,census-approx
WAMP,wamp-1420,processor,Pingel Processing LLC,,715-851-8281,,,A,Wisconsin,WI,54166,"County Road A, Wisconsin 54166, United States",,,,https://wi-amp.com/membership/operators/,44.778789,-88.634568,zip-centroid
WAMP,wamp-1423,processor,"Pinter's Packing Plant, Inc",,715-654-5444,,,193 South Front Street,Dorchester,WI,54425,"193 South Front Street, Dorchester, Wisconsin 54425, United States",,,,https://wi-amp.com/membership/operators/,45.001382978806,-90.331530763831,census-exact
WAMP,wamp-1426,processor,Pond-Hill Processing LLC,,715-253-2491,,,W16257 Q,Wittenberg,WI,54499,"W16257 County Road Q, Wittenberg, Wisconsin 54499, United States",,,,https://wi-amp.com/membership/operators/,44.789831,-89.176405,zip-centroid
WAMP,wamp-1429,processor,Prem Meats & Catering,,608-588-2164,,,E5028 14,Spring Green,WI,53588,"E5028 US Highway 14, Spring Green, Wisconsin 53588, United States",,,,https://wi-amp.com/membership/operators/,43.188678855882,-90.068473775616,census-approx
WAMP,wamp-1432,processor,Prime Choice Meat Market,,715-479-4456,,,1144 45 S,Eagle River,WI,54521,"1144 US Highway 45 S, Eagle River, Wisconsin 54521, United States",,,,https://wi-amp.com/membership/operators/,45.906656119862,-89.224310630891,census-approx
WAMP,wamp-1435,processor,Pritzlaff Wholesale Meats Inc,,262-786-1151,,,17025 West Glendale Drive,Wisconsin,WI,53151,"17025 West Glendale Drive, Wisconsin 53151, United States",,,,https://wi-amp.com/membership/operators/,42.996841481861,-88.122748674872,census-approx
WAMP,wamp-1438,processor,Ptacek's IGA,,715-262-5636,,,1005 Eagle Ridge Drive,Wisconsin,WI,54021,"1005 Eagle Ridge Drive, Wisconsin 54021, United States",,,,https://wi-amp.com/membership/operators/,44.734183,-92.706307,zip-centroid
WAMP,wamp-1441,processor,Quality Cut Meats,,920-528-8424,,,123 Milwaukee Avenue,Cascade,WI,53011,"123 Milwaukee Avenue, Cascade, Wisconsin 53011, United States",,,,https://wi-amp.com/membership/operators/,43.655566684691,-88.01106812561,census-exact
WAMP,wamp-1443,processor,Ray's Market,,715-223-4855,,,100620 Elderberry Road,Colby,WI,54421,"100620 Elderberry Road, Colby, Wisconsin 54421, United States",,,,https://wi-amp.com/membership/operators/,44.895191,-90.288689,zip-centroid
WAMP,wamp-1454,processor,Richland Locker Co.,,608-647-4577,,,590 South Main Street,Wisconsin,WI,53581,"590 South Main Street, Wisconsin 53581, United States",,,,https://wi-amp.com/membership/operators/,43.331126894481,-90.386791838517,census-approx
WAMP,wamp-1457,processor,River Valley Meats LLC,,715-229-4230,,,W6412 X,Withee,WI,54498,"W6412 Hwy X, Withee, Wisconsin 54498, United States",,,,https://wi-amp.com/membership/operators/,45.035112,-90.629022,zip-centroid
WAMP,wamp-1451,processor,RJ's Meats,,715-386-9291,,,1101 Coulee Road,Wisconsin,WI,54016,"1101 Coulee Road, Wisconsin 54016, United States",,,,https://wi-amp.com/membership/operators/,44.963423776324,-92.743572840906,census-approx
WAMP,wamp-1463,processor,Roskom Meats,,920-766-1657,,,175 Main Avenue,Kaukauna,WI,54130,"175 Main Avenue, Kaukauna, Wisconsin 54130, United States",,,,https://wi-amp.com/membership/operators/,44.278240477637,-88.271912196767,census-exact
WAMP,wamp-1460,processor,Ross' Glenwood City Locker,,715-265-4833,,,240 1st Street,Glenwood City,WI,54013,"240 1st Street, Glenwood City, Wisconsin 54013, United States",,,,https://wi-amp.com/membership/operators/,45.05585184613,-92.173463327572,census-exact
WAMP,wamp-734,processor,Sailer's Food Market & Meat Processing,,715-639-2191,,,West Winter Avenue,Elmwood,WI,54740,"West Winter Avenue, Elmwood, Wisconsin 54740, United States",,,,https://wi-amp.com/membership/operators/,44.751437,-92.166807,zip-centroid
WAMP,wamp-1466,processor,"Salcherts Market, Inc",,920-999-2651,,,Main Street,Wisconsin,WI,53079,"Main Street, Wisconsin 53079, United States",,,,https://wi-amp.com/membership/operators/,43.814532,-88.199468,zip-centroid
WAMP,wamp-1469,processor,Salmon's Meat Products,,920-845-2721,,,Frontier Road,Luxemburg,WI,54217,"Frontier Road, Luxemburg, Wisconsin 54217, United States",,,,https://wi-amp.com/membership/operators/,44.548118,-87.717899,zip-centroid
WAMP,wamp-2092,processor,Salty Heifers Processing,,920-901-5760,,,W9752 River Bank Rd,Clintonville,WI,54166,"W9752 River Bank Rd, Clintonville, Wisconsin 54166, United States",,,,https://wi-amp.com/membership/operators/,44.704492545519,-88.738341682295,census-approx
WAMP,wamp-1472,processor,Sheboygan Pasty Company,,920-226-3000,,,1313 South 8th Street,Sheboygan,WI,53081,"1313 South 8th Street, Sheboygan, Wisconsin 53081, United States",,,,https://wi-amp.com/membership/operators/,43.740841229112,-87.712875223191,census-exact
WAMP,wamp-1478,processor,Smith Bros Meats,,715-223-2777,,,822 South Division Street,Colby,WI,54421,"822 South Division Street, Colby, Wisconsin 54421, United States",,,,https://wi-amp.com/membership/operators/,44.898632713236,-90.314970730496,census-exact
WAMP,wamp-1559,processor,Soderman's Meat Processing,,906-428-2487,,,6207 Days River 24.5 Rd,Gladstone,MI,49837,"6207 Days River 24.5 Rd, Gladstone, Michigan 49837, United States",,,,https://wi-amp.com/membership/operators/,45.891132869948,-87.053172930252,census-exact
WAMP,wamp-3251,processor,Solar Meats LLC,,608-624-5525,,,101 Sunbeam Boulevard East,Soldiers Grove,WI,54655,"101 Sunbeam Boulevard East, Soldiers Grove, Wisconsin 54655, United States",,,,https://wi-amp.com/membership/operators/,43.370959,-90.759061,zip-centroid
WAMP,wamp-1481,processor,Sorg Farm Packing Inc.,,,,,14,Darien,WI,53114,"US 14, Darien, Wisconsin 53114, United States",,,,https://wi-amp.com/membership/operators/,42.609352,-88.745886,zip-centroid
WAMP,wamp-530,processor,Starzer Meats LLC,,920-897-3108,,,4067 Crescent Lane,Pound,WI,54161,"4067 Crescent Lane, Pound, Wisconsin 54161, United States",,,,https://wi-amp.com/membership/operators/,45.108479558226,-88.031255272712,census-exact
WAMP,wamp-1484,processor,"Steve's Country Meats, LLC",,608-689-2440,,,56,Genoa,WI,54632,"State Highway 56, Genoa, Wisconsin 54632, United States",,,,https://wi-amp.com/membership/operators/,43.561085,-91.146932,zip-centroid
WAMP,wamp-1487,processor,Stoddard's Market,,608-839-4228,,,"East Cottage Grove Road, Village of Cottage Grove",Wisconsin,WI,53527,"East Cottage Grove Road, Village of Cottage Grove, Wisconsin 53527, United States",,,,https://wi-amp.com/membership/operators/,43.051357,-89.192257,zip-centroid
WAMP,wamp-1490,processor,Stoneridge Wholesale,,920-765-2163,,,271 North Industrial Drive,Coloma,WI,54930,"271 North Industrial Drive, Coloma, Wisconsin 54930, United States",,,,https://wi-amp.com/membership/operators/,44.040146769652,-89.509718778135,census-approx
WAMP,wamp-1493,processor,Straka Meats Inc,,608-546-3301,,,,Plain,WI,53577,"Alma Avenue, Plain, Wisconsin 53577, United States",,,,https://wi-amp.com/membership/operators/,43.311608,-90.064349,zip-centroid
WAMP,wamp-1499,processor,The Butcher & The Baker,,715-564-3152,,,N5334 N River Road,Brantwood,WI,54487,"N5334 N River Road, Brantwood, Wisconsin 54487, United States",,,,https://wi-amp.com/membership/operators/,45.571155097112,-90.063487785068,census-approx
WAMP,wamp-1502,processor,The Durand Smokehouse,,715-672-8073,,,W5823 85,Durand,WI,54736,"W5823 State Hwy 85, Durand, Wisconsin 54736, United States",,,,https://wi-amp.com/membership/operators/,44.612868,-91.924613,zip-centroid
WAMP,wamp-1448,processor,The Market at Beaver Dam,,920-887-7675,,,609 North Spring Street,Wisconsin,WI,53916,"609 North Spring Street, Wisconsin 53916, United States",,,,https://wi-amp.com/membership/operators/,43.461814044714,-88.835539841108,census-approx
WAMP,wamp-1505,processor,The Meat Block LLC,,920-757-6622,,,N1739 Lily of the Valley Drive,Greenville,WI,54942,"N1739 Lily of the Valley Drive, Greenville, Wisconsin 54942, United States",,,,https://wi-amp.com/membership/operators/,44.305106141987,-88.54523875216,census-exact
WAMP,wamp-1508,processor,The Meat Market,,608-356-5574,,,700 Lincoln Avenue,Wisconsin,WI,53913,"700 Lincoln Avenue, Wisconsin 53913, United States",,,,https://wi-amp.com/membership/operators/,43.471783965972,-89.721444454468,census-approx
WAMP,wamp-2081,processor,The Meat Schoppe,,608-723-7979,,,109 North Madison Street,Wisconsin,WI,53813,"109 North Madison Street, Wisconsin 53813, United States",,,,https://wi-amp.com/membership/operators/,42.848096161863,-90.709562135157,census-approx
WAMP,wamp-2599,processor,The Meat Shop LLC,,608-372-6039,,,25321 Grain Avenue,Wisconsin,WI,54660,"25321 Grain Avenue, Wisconsin 54660, United States",,,,https://wi-amp.com/membership/operators/,43.968720224752,-90.488967729142,census-approx
WAMP,wamp-2596,processor,Two Creek Farms,,262-558-5819,,,1360 Durand Avenue,Wisconsin,WI,53182,"1360 Durand Avenue, Wisconsin 53182, United States",,,,https://wi-amp.com/membership/operators/,42.681219662395,-88.055884685035,census-approx
WAMP,wamp-1562,processor,UP Products,,906-477-3864,,,20273 Old M28,Ewen,MI,49925,"20273 Old M28, Ewen, Michigan 49925, United States",,,,https://wi-amp.com/membership/operators/,46.532910705752,-89.291589716826,census-exact
WAMP,wamp-1520,processor,Van Meter Meats,,715-472-2141,,,407 South Main Street,Luck,WI,54853,"407 South Main Street, Luck, Wisconsin 54853, United States",,,,https://wi-amp.com/membership/operators/,45.572303570937,-92.482474025196,census-exact
WAMP,wamp-1565,processor,Vollwerth & Co.,,906-482-1550,,,Hancock Street,Hancock,MI,49930,"Hancock Street, Hancock, Michigan 49930, United States",,,,https://wi-amp.com/membership/operators/,47.202985,-88.576295,zip-centroid
WAMP,wamp-1523,processor,Von Ruden Meat Processing LLC,,608-654-7941,,,8933 Odessa Avenue,Town of Portland,WI,54619,"8933 Odessa Avenue, Town of Portland, Wisconsin 54619, United States",,,,https://wi-amp.com/membership/operators/,43.739828249502,-90.817643798956,census-approx
WAMP,wamp-1526,processor,"Weber's Processing Plant, Inc",,608-744-2159,,,725 North Jackson Street,Cuba City,WI,53807,"725 North Jackson Street, Cuba City, Wisconsin 53807, United States",,,,https://wi-amp.com/membership/operators/,42.612838600901,-90.433108418248,census-exact
WAMP,wamp-1535,processor,Wenzel's Farm Sauage,,715-387-1218,,,500 East 29th Street,Wisconsin,WI,54449,"500 East 29th Street, Wisconsin 54449, United States",,,,https://wi-amp.com/membership/operators/,44.641145028681,-90.165484040248,census-approx
WAMP,wamp-1538,processor,West Bend Sausage Plus,,262-429-1896,,,1435 West Washington Street,Wisconsin,WI,53095,"1435 West Washington Street, Wisconsin 53095, United States",,,,https://wi-amp.com/membership/operators/,43.426935653833,-88.195892140497,census-approx
WAMP,wamp-1541,processor,Westby Locker & Meat,,608-634-4515,,,406 North Main Street,Westby,WI,54667,"406 North Main Street, Westby, Wisconsin 54667, United States",,,,https://wi-amp.com/membership/operators/,43.658700166788,-90.856363925351,census-exact
WAMP,wamp-2790,processor,Whiskey Ridge Processing,,715-945-2414,,,West Omaha Street,Radisson,WI,54867,"West Omaha Street, Radisson, Wisconsin 54867, United States",,,,https://wi-amp.com/membership/operators/,45.821695,-91.203123,zip-centroid
WAMP,wamp-1544,processor,Wilson Farm Meats,,262-723-2919,,,406 South Wisconsin Street,Wisconsin,WI,53121,"406 South Wisconsin Street, Wisconsin 53121, United States",,,,https://wi-amp.com/membership/operators/,42.665575361259,-88.54350281918,census-approx
WAMP,wamp-2890,processor,Wisco Meats,,920-585-3789,,,9607 Charolais Rd,Coleman,WI,54112,"9607 Charolais Rd, Coleman, Wisconsin 54112, United States",,,,https://wi-amp.com/membership/operators/,45.020935752578,-88.121384311805,census-exact
WAMP,wamp-1547,processor,Wisconsin River Meats,,608-847-7413,,,N5340 HH,Mauston,WI,53948,"N5340 Hwy HH, Mauston, Wisconsin 53948, United States",,,,https://wi-amp.com/membership/operators/,43.776559,-90.040249,zip-centroid
